field_1,EMD_CD,EMD_ENG_NM,EMD_KOR_NM,SIG_CD,SIG_ENG_NM,SIG_KOR_NM,CTPRVN_CD,CTP_ENG_NM,CTP_KOR_NM,SeoulRoadLength,SeoulRoadCount
0,11110101,Cheongun-dong,청운동,11110,Jongno-gu,종로구,11,Seoul,서울특별시,7853.60609394135,51
1,11110102,Singyo-dong,신교동,11110,Jongno-gu,종로구,11,Seoul,서울특별시,2301.02468029557,32
2,11110103,Gungjeong-dong,궁정동,11110,Jongno-gu,종로구,11,Seoul,서울특별시,983.529810723767,16
3,11110104,Hyoja-dong,효자동,11110,Jongno-gu,종로구,11,Seoul,서울특별시,1838.01162618624,33
4,11110105,Changseong-dong,창성동,11110,Jongno-gu,종로구,11,Seoul,서울특별시,2002.68323043774,34
5,11110106,Tongui-dong,통의동,11110,Jongno-gu,종로구,11,Seoul,서울특별시,2412.20475282011,47
6,11110107,Jeokseon-dong,적선동,11110,Jongno-gu,종로구,11,Seoul,서울특별시,994.085155952783,15
7,11110108,Tongin-dong,통인동,11110,Jongno-gu,종로구,11,Seoul,서울특별시,2170.63308488228,50
8,11110109,Nusang-dong,누상동,11110,Jongno-gu,종로구,11,Seoul,서울특별시,3621.28045593234,52
9,11110110,Nuha-dong,누하동,11110,Jongno-gu,종로구,11,Seoul,서울특별시,2236.25589341876,52
10,11110111,Ogin-dong,옥인동,11110,Jongno-gu,종로구,11,Seoul,서울특별시,6000.19780947924,86
11,11110112,Chebu-dong,체부동,11110,Jongno-gu,종로구,11,Seoul,서울특별시,2066.48034262206,56
12,11110113,Pirun-dong,필운동,11110,Jongno-gu,종로구,11,Seoul,서울특별시,2172.80638149122,41
13,11110114,Naeja-dong,내자동,11110,Jongno-gu,종로구,11,Seoul,서울특별시,1318.06322568611,26
14,11110115,Sajik-dong,사직동,11110,Jongno-gu,종로구,11,Seoul,서울특별시,5463.61827908661,59
15,11110116,Doryeom-dong,도렴동,11110,Jongno-gu,종로구,11,Seoul,서울특별시,547.625613241787,7
16,11110117,Dangju-dong,당주동,11110,Jongno-gu,종로구,11,Seoul,서울특별시,1234.96339505239,15
17,11110118,Naesu-dong,내수동,11110,Jongno-gu,종로구,11,Seoul,서울특별시,1276.78410575743,12
18,11110119,Sejongno,세종로,11110,Jongno-gu,종로구,11,Seoul,서울특별시,3380.1234132715,27
19,11110120,Sinmunno 1(il)-ga,신문로1가,11110,Jongno-gu,종로구,11,Seoul,서울특별시,1328.5358443748,13
20,11110121,Sinmunno 2(i)-ga,신문로2가,11110,Jongno-gu,종로구,11,Seoul,서울특별시,3459.48961924421,40
21,11110122,Cheongjin-dong,청진동,11110,Jongno-gu,종로구,11,Seoul,서울특별시,1562.62781773635,21
22,11110123,Seorin-dong,서린동,11110,Jongno-gu,종로구,11,Seoul,서울특별시,994.473613488775,10
23,11110124,Susong-dong,수송동,11110,Jongno-gu,종로구,11,Seoul,서울특별시,1448.6689171878,12
24,11110125,Junghak-dong,중학동,11110,Jongno-gu,종로구,11,Seoul,서울특별시,719.532830641201,9
25,11110126,Jongno 1(il)-ga,종로1가,11110,Jongno-gu,종로구,11,Seoul,서울특별시,846.614094016081,10
26,11110127,Gongpyeong-dong,공평동,11110,Jongno-gu,종로구,11,Seoul,서울특별시,713.913671884441,9
27,11110128,Gwanhun-dong,관훈동,11110,Jongno-gu,종로구,11,Seoul,서울특별시,2586.11060231265,41
28,11110129,Gyeonji-dong,견지동,11110,Jongno-gu,종로구,11,Seoul,서울특별시,1182.64089315889,16
29,11110130,Waryong-dong,와룡동,11110,Jongno-gu,종로구,11,Seoul,서울특별시,2426.02546877609,35
30,11110131,Gwonnong-dong,권농동,11110,Jongno-gu,종로구,11,Seoul,서울특별시,1333.94374078094,22
31,11110132,Unni-dong,운니동,11110,Jongno-gu,종로구,11,Seoul,서울특별시,1417.42163669519,22
32,11110133,Ikseon-dong,익선동,11110,Jongno-gu,종로구,11,Seoul,서울특별시,2144.36174456173,34
33,11110134,Gyeongun-dong,경운동,11110,Jongno-gu,종로구,11,Seoul,서울특별시,1182.43331672189,21
34,11110135,Gwancheol-dong,관철동,11110,Jongno-gu,종로구,11,Seoul,서울특별시,2828.68561598916,31
35,11110136,Insa-dong,인사동,11110,Jongno-gu,종로구,11,Seoul,서울특별시,2105.29929041451,33
36,11110137,Nagwon-dong,낙원동,11110,Jongno-gu,종로구,11,Seoul,서울특별시,2414.01454747713,38
37,11110138,Jongno 2(i)-ga,종로2가,11110,Jongno-gu,종로구,11,Seoul,서울특별시,1474.04890468031,19
38,11110139,Palpan-dong,팔판동,11110,Jongno-gu,종로구,11,Seoul,서울특별시,1825.59247873905,29
39,11110140,Samcheong-dong,삼청동,11110,Jongno-gu,종로구,11,Seoul,서울특별시,7807.69575412259,82
40,11110141,Anguk-dong,안국동,11110,Jongno-gu,종로구,11,Seoul,서울특별시,1803.12204704014,28
41,11110142,Sogyeok-dong,소격동,11110,Jongno-gu,종로구,11,Seoul,서울특별시,1462.75049844823,28
42,11110143,Hwa-dong,화동,11110,Jongno-gu,종로구,11,Seoul,서울특별시,1384.35564556978,26
43,11110144,Sagan-dong,사간동,11110,Jongno-gu,종로구,11,Seoul,서울특별시,654.591905440816,11
44,11110145,Songhyeon-dong,송현동,11110,Jongno-gu,종로구,11,Seoul,서울특별시,553.034860497094,12
45,11110146,Gahoe-dong,가회동,11110,Jongno-gu,종로구,11,Seoul,서울특별시,4459.50948525894,58
46,11110147,Jae-dong,재동,11110,Jongno-gu,종로구,11,Seoul,서울특별시,1483.19584696593,27
47,11110148,Gye-dong,계동,11110,Jongno-gu,종로구,11,Seoul,서울특별시,3660.91972727268,73
48,11110149,Wonseo-dong,원서동,11110,Jongno-gu,종로구,11,Seoul,서울특별시,2942.71737857729,38
49,11110150,Hunjeong-dong,훈정동,11110,Jongno-gu,종로구,11,Seoul,서울특별시,114.176297523196,2
50,11110151,Myo-dong,묘동,11110,Jongno-gu,종로구,11,Seoul,서울특별시,1367.27321957141,29
51,11110152,Bongik-dong,봉익동,11110,Jongno-gu,종로구,11,Seoul,서울특별시,2002.82448022962,32
52,11110153,Donui-dong,돈의동,11110,Jongno-gu,종로구,11,Seoul,서울특별시,1636.01860873523,34
53,11110154,Jangsa-dong,장사동,11110,Jongno-gu,종로구,11,Seoul,서울특별시,2452.75251966165,37
54,11110155,Gwansu-dong,관수동,11110,Jongno-gu,종로구,11,Seoul,서울특별시,2476.22182234322,32
55,11110156,Jongno 3(sam)-ga,종로3가,11110,Jongno-gu,종로구,11,Seoul,서울특별시,1517.27321476636,20
56,11110157,Inui-dong,인의동,11110,Jongno-gu,종로구,11,Seoul,서울특별시,1393.33651824453,13
57,11110158,Yeji -dong,예지동,11110,Jongno-gu,종로구,11,Seoul,서울특별시,3126.34335539472,43
58,11110159,Wonnam-dong,원남동,11110,Jongno-gu,종로구,11,Seoul,서울특별시,2957.68909579231,40
59,11110160,Yeonji-dong,연지동,11110,Jongno-gu,종로구,11,Seoul,서울특별시,3137.52597211085,42
60,11110161,Jongno 4(sa)-ga,종로4가,11110,Jongno-gu,종로구,11,Seoul,서울특별시,1164.51172036857,15
61,11110162,Hyoje-dong,효제동,11110,Jongno-gu,종로구,11,Seoul,서울특별시,2989.94025834052,46
62,11110163,Jongno 5(o)-ga,종로5가,11110,Jongno-gu,종로구,11,Seoul,서울특별시,4722.67968215114,54
63,11110164,Jongno 6(yuk)-ga,종로6가,11110,Jongno-gu,종로구,11,Seoul,서울특별시,4894.71567743259,69
64,11110165,Ihwa-dong,이화동,11110,Jongno-gu,종로구,11,Seoul,서울특별시,4655.77701712401,78
65,11110166,Yeongeon-dong,연건동,11110,Jongno-gu,종로구,11,Seoul,서울특별시,3701.13377719059,52
66,11110167,Chungsin-dong,충신동,11110,Jongno-gu,종로구,11,Seoul,서울특별시,7258.65656032165,134
67,11110168,Dongsung-dong,동숭동,11110,Jongno-gu,종로구,11,Seoul,서울특별시,8757.73222117805,104
68,11110169,Hyehwa-dong,혜화동,11110,Jongno-gu,종로구,11,Seoul,서울특별시,6441.14814035164,79
69,11110170,Myeongnyun 1(il)-ga,명륜1가,11110,Jongno-gu,종로구,11,Seoul,서울특별시,6134.22582194836,75
70,11110171,Myeongnyun 2(i)-ga,명륜2가,11110,Jongno-gu,종로구,11,Seoul,서울특별시,3736.31548307871,53
71,11110172,Myeongnyun 4(sa)-ga,명륜4가,11110,Jongno-gu,종로구,11,Seoul,서울특별시,2832.91818108438,53
72,11110173,Myeongnyun 3(sam)-ga,명륜3가,11110,Jongno-gu,종로구,11,Seoul,서울특별시,9851.35220931503,153
73,11110174,Changsin-dong,창신동,11110,Jongno-gu,종로구,11,Seoul,서울특별시,31455.4681670336,395
74,11110175,Sungin-dong,숭인동,11110,Jongno-gu,종로구,11,Seoul,서울특별시,22105.3265698499,297
75,11110176,Gyonam-dong,교남동,11110,Jongno-gu,종로구,11,Seoul,서울특별시,756.097769885342,14
76,11110177,Pyeong-dong,평동,11110,Jongno-gu,종로구,11,Seoul,서울특별시,1181.1617550581,10
77,11110178,Songwol-dong,송월동,11110,Jongno-gu,종로구,11,Seoul,서울특별시,629.53094137736,4
78,11110179,Hongpa-dong,홍파동,11110,Jongno-gu,종로구,11,Seoul,서울특별시,369.539509919597,5
79,11110180,Gyobuk-dong,교북동,11110,Jongno-gu,종로구,11,Seoul,서울특별시,633.932717932282,6
80,11110181,Haengchon-dong,행촌동,11110,Jongno-gu,종로구,11,Seoul,서울특별시,5346.18175828179,88
81,11110182,Gugi-dong,구기동,11110,Jongno-gu,종로구,11,Seoul,서울특별시,15035.0137510828,91
82,11110183,Pyeongchang-dong,평창동,11110,Jongno-gu,종로구,11,Seoul,서울특별시,38255.5348884286,182
83,11110184,Buam-dong,부암동,11110,Jongno-gu,종로구,11,Seoul,서울특별시,17633.0016689056,137
84,11110185,Hongji-dong,홍지동,11110,Jongno-gu,종로구,11,Seoul,서울특별시,4930.01148221538,42
85,11110186,Sinyeong-dong,신영동,11110,Jongno-gu,종로구,11,Seoul,서울특별시,7001.25815681258,80
86,11110187,Muak-dong,무악동,11110,Jongno-gu,종로구,11,Seoul,서울특별시,4885.66013731203,39
87,11140101,Mugyo-dong,무교동,11140,Jung-gu,중구,11,Seoul,서울특별시,637.156305815173,12
88,11140102,Da-dong,다동,11140,Jung-gu,중구,11,Seoul,서울특별시,1276.61837308484,11
89,11140103,Taepyeongno 1(il)-ga,태평로1가,11140,Jung-gu,중구,11,Seoul,서울특별시,1246.05075925713,12
90,11140104,Euljiro 1(il)-ga,을지로1가,11140,Jung-gu,중구,11,Seoul,서울특별시,964.347443975174,6
91,11140105,Euljiro 2(i)-ga,을지로2가,11140,Jung-gu,중구,11,Seoul,서울특별시,2569.09691077847,24
92,11140106,Namdaemunno 1(il)-ga,남대문로1가,11140,Jung-gu,중구,11,Seoul,서울특별시,599.068820604029,10
93,11140107,Samgak-dong,삼각동,11140,Jung-gu,중구,11,Seoul,서울특별시,894.071989624375,10
94,11140108,Suha-dong,수하동,11140,Jung-gu,중구,11,Seoul,서울특별시,166.244498435621,3
95,11140109,Janggyo-dong,장교동,11140,Jung-gu,중구,11,Seoul,서울특별시,816.274974896131,10
96,11140110,Supyo-dong,수표동,11140,Jung-gu,중구,11,Seoul,서울특별시,1058.79068023434,15
97,11140111,Sogong-dong,소공동,11140,Jung-gu,중구,11,Seoul,서울특별시,1164.88229765582,12
98,11140112,Namchang-dong,남창동,11140,Jung-gu,중구,11,Seoul,서울특별시,4660.34048217099,57
99,11140113,Bukchang-dong,북창동,11140,Jung-gu,중구,11,Seoul,서울특별시,1494.05489658166,20
100,11140114,Taepyeongno 2(i)-ga,태평로2가,11140,Jung-gu,중구,11,Seoul,서울특별시,1468.38688192593,16
101,11140115,Namdaemunno 2(i)-ga,남대문로2가,11140,Jung-gu,중구,11,Seoul,서울특별시,758.017446661754,10
102,11140116,Namdaemunno 3(sam)-ga,남대문로3가,11140,Jung-gu,중구,11,Seoul,서울특별시,565.703027614521,10
103,11140117,Namdaemunno 4(sa)-ga,남대문로4가,11140,Jung-gu,중구,11,Seoul,서울특별시,1338.27310386832,23
104,11140118,Namdaemunno 5(o)-ga,남대문로5가,11140,Jung-gu,중구,11,Seoul,서울특별시,2796.06726676333,26
105,11140119,Bongnae-dong 1(il)-ga,봉래동1가,11140,Jung-gu,중구,11,Seoul,서울특별시,1051.2832210784,7
106,11140120,Bongnae-dong 2(i)-ga,봉래동2가,11140,Jung-gu,중구,11,Seoul,서울특별시,344.356973461402,4
107,11140121,Hoehyeon-dong 1(il)-ga,회현동1가,11140,Jung-gu,중구,11,Seoul,서울특별시,6180.93777833129,64
108,11140122,Hoehyeon-dong 2(i)-ga,회현동2가,11140,Jung-gu,중구,11,Seoul,서울특별시,2041.97495507539,24
109,11140123,Hoehyeon-dong 3(sam)-ga,회현동3가,11140,Jung-gu,중구,11,Seoul,서울특별시,499.723233112684,8
110,11140124,Chungmuro 1(il)-ga,충무로1가,11140,Jung-gu,중구,11,Seoul,서울특별시,1129.84576261968,12
111,11140125,Chungmuro 2(i)-ga,충무로2가,11140,Jung-gu,중구,11,Seoul,서울특별시,1787.99826058309,21
112,11140126,Myeong-dong 1(il)-ga,명동1가,11140,Jung-gu,중구,11,Seoul,서울특별시,972.28412189298,15
113,11140127,Myeong-dong 2(i)-ga,명동2가,11140,Jung-gu,중구,11,Seoul,서울특별시,1937.42575929437,24
114,11140128,Namsan-dong 1(il)-ga,남산동1가,11140,Jung-gu,중구,11,Seoul,서울특별시,626.543546459763,15
115,11140129,Namsan-dong 2(i)-ga,남산동2가,11140,Jung-gu,중구,11,Seoul,서울특별시,2249.43524766675,42
116,11140130,Namsan-dong 3(sam)-ga,남산동3가,11140,Jung-gu,중구,11,Seoul,서울특별시,849.490609263855,15
117,11140131,Jeo-dong 1(il)-ga,저동1가,11140,Jung-gu,중구,11,Seoul,서울특별시,809.06723046777,9
118,11140132,Chungmuro 4(sa)-ga,충무로4가,11140,Jung-gu,중구,11,Seoul,서울특별시,2215.62437372364,41
119,11140133,Chungmuro 5(o)-ga,충무로5가,11140,Jung-gu,중구,11,Seoul,서울특별시,1999.80816553546,30
120,11140134,Inhyeon-dong 2(i)-ga,인현동2가,11140,Jung-gu,중구,11,Seoul,서울특별시,2562.04425856383,46
121,11140135,Yegwan-dong,예관동,11140,Jung-gu,중구,11,Seoul,서울특별시,1566.01335571301,29
122,11140136,Mukjeong-dong,묵정동,11140,Jung-gu,중구,11,Seoul,서울특별시,2048.04024701336,30
123,11140137,Pil-dong 1(il)-ga,필동1가,11140,Jung-gu,중구,11,Seoul,서울특별시,973.015625985432,17
124,11140138,Pildong 2(i)-ga,필동2가,11140,Jung-gu,중구,11,Seoul,서울특별시,3935.76722567791,50
125,11140139,Pil-dong 3(sam)-ga,필동3가,11140,Jung-gu,중구,11,Seoul,서울특별시,3251.07974539365,42
126,11140140,Namhak-dong,남학동,11140,Jung-gu,중구,11,Seoul,서울특별시,419.451393078179,10
127,11140141,Juja-dong,주자동,11140,Jung-gu,중구,11,Seoul,서울특별시,744.905486295171,8
128,11140142,Yejang-dong,예장동,11140,Jung-gu,중구,11,Seoul,서울특별시,7050.56131785739,40
129,11140143,Jangchung-dong 1(il)-ga,장충동1가,11140,Jung-gu,중구,11,Seoul,서울특별시,4325.45687158535,44
130,11140144,Jangchung-dong 2(i)-ga,장충동2가,11140,Jung-gu,중구,11,Seoul,서울특별시,12530.7825180319,110
131,11140145,Gwanghui-dong 1(il)-ga,광희동1가,11140,Jung-gu,중구,11,Seoul,서울특별시,2407.35555820145,44
132,11140146,Gwanghui-dong 2(i)-ga,광희동2가,11140,Jung-gu,중구,11,Seoul,서울특별시,2736.77983201041,45
133,11140147,Ssangnim-dong,쌍림동,11140,Jung-gu,중구,11,Seoul,서울특별시,2843.97442271418,46
134,11140148,Euljiro 6(yuk)-ga,을지로6가,11140,Jung-gu,중구,11,Seoul,서울특별시,3049.14181409413,32
135,11140149,Euljiro 7(chil)-ga,을지로7가,11140,Jung-gu,중구,11,Seoul,서울특별시,1333.75571190736,21
136,11140150,Euljiro 4(sa)-ga,을지로4가,11140,Jung-gu,중구,11,Seoul,서울특별시,2297.43765928336,35
137,11140151,Euljiro 5(o)-ga,을지로5가,11140,Jung-gu,중구,11,Seoul,서울특별시,1882.72743778666,21
138,11140152,Jugyo-dong,주교동,11140,Jung-gu,중구,11,Seoul,서울특별시,2721.90728747666,48
139,11140153,Bangsan-dong,방산동,11140,Jung-gu,중구,11,Seoul,서울특별시,908.576852643772,10
140,11140154,Ojang-dong,오장동,11140,Jung-gu,중구,11,Seoul,서울특별시,2242.8420778545,27
141,11140155,Euljiro 3(sam)-ga,을지로3가,11140,Jung-gu,중구,11,Seoul,서울특별시,2708.37933929608,37
142,11140156,Ipjeong-dong,입정동,11140,Jung-gu,중구,11,Seoul,서울특별시,1499.70471431614,32
143,11140157,Sallim-dong,산림동,11140,Jung-gu,중구,11,Seoul,서울특별시,1817.5933548305,36
144,11140158,Chungmuro 3(sam)-ga,충무로3가,11140,Jung-gu,중구,11,Seoul,서울특별시,1451.85467671313,21
145,11140159,Cho-dong,초동,11140,Jung-gu,중구,11,Seoul,서울특별시,1613.2169475031,26
146,11140160,Inhyeon-dong 1(il)-ga,인현동1가,11140,Jung-gu,중구,11,Seoul,서울특별시,1989.011622938,46
147,11140161,Jeo-dong 2(i)-ga,저동2가,11140,Jung-gu,중구,11,Seoul,서울특별시,1282.98801332314,18
148,11140162,Sindang-dong,신당동,11140,Jung-gu,중구,11,Seoul,서울특별시,67999.405590733,700
149,11140163,Heungin-dong,흥인동,11140,Jung-gu,중구,11,Seoul,서울특별시,2851.13807008778,32
150,11140164,Muhak-dong,무학동,11140,Jung-gu,중구,11,Seoul,서울특별시,1188.02498655554,16
151,11140165,Hwanghak-dong,황학동,11140,Jung-gu,중구,11,Seoul,서울특별시,14436.4875784205,165
152,11140166,Seosomun-dong,서소문동,11140,Jung-gu,중구,11,Seoul,서울특별시,1855.1100461892,15
153,11140167,Jeong-dong,정동,11140,Jung-gu,중구,11,Seoul,서울특별시,2205.75552191695,11
154,11140168,Sunhwa-dong,순화동,11140,Jung-gu,중구,11,Seoul,서울특별시,1559.40165666054,12
155,11140169,Uijuro 1(il)-ga,의주로1가,11140,Jung-gu,중구,11,Seoul,서울특별시,1181.37291611635,10
156,11140170,Chungjeongno 1(il)-ga,충정로1가,11140,Jung-gu,중구,11,Seoul,서울특별시,163.954792155668,3
157,11140171,Jungnim-dong,중림동,11140,Jung-gu,중구,11,Seoul,서울특별시,6087.05525317991,73
158,11140172,Uijuro 2(i)-ga,의주로2가,11140,Jung-gu,중구,11,Seoul,서울특별시,357.659074057943,5
159,11140173,Malli-dong 1(il)-ga,만리동1가,11140,Jung-gu,중구,11,Seoul,서울특별시,1735.14924160876,14
160,11140174,Malli-dong 2(i)-ga,만리동2가,11140,Jung-gu,중구,11,Seoul,서울특별시,1290.72547639255,15
161,11170101,Huam-dong,후암동,11170,Yongsan-gu,용산구,11,Seoul,서울특별시,25815.5956382105,310
162,11170102,yongsan-dong  2(i)-ga,용산동2가,11170,Yongsan-gu,용산구,11,Seoul,서울특별시,18130.5917208314,211
163,11170103,Yongsan-dong 4(sa)-ga,용산동4가,11170,Yongsan-gu,용산구,11,Seoul,서울특별시,1629.22814708849,8
164,11170104,Garwol-dong,갈월동,11170,Yongsan-gu,용산구,11,Seoul,서울특별시,6102.17868345596,82
165,11170105,Namyeong-dong,남영동,11170,Yongsan-gu,용산구,11,Seoul,서울특별시,2491.57007881388,40
166,11170106,Yongsan-dong 1(il)-ga,용산동1가,11170,Yongsan-gu,용산구,11,Seoul,서울특별시,1096.74028232691,12
167,11170107,Dongja-dong,동자동,11170,Yongsan-gu,용산구,11,Seoul,서울특별시,5425.99144201654,63
168,11170108,Seogye-dong,서계동,11170,Yongsan-gu,용산구,11,Seoul,서울특별시,12170.5405073926,192
169,11170109,Cheongpa-dong 1(il)-ga,청파동1가,11170,Yongsan-gu,용산구,11,Seoul,서울특별시,8449.71855110299,139
170,11170110,Cheongpa-dong 2(i)-ga,청파동2가,11170,Yongsan-gu,용산구,11,Seoul,서울특별시,5853.81177605398,88
171,11170111,Cheongpa-dong 3(sam)-ga,청파동3가,11170,Yongsan-gu,용산구,11,Seoul,서울특별시,5667.90439844465,82
172,11170112,Wonhyoro 1(iI)-ga,원효로1가,11170,Yongsan-gu,용산구,11,Seoul,서울특별시,7092.60473718269,87
173,11170113,Wonhyoro 2(i)-ga,원효로2가,11170,Yongsan-gu,용산구,11,Seoul,서울특별시,4391.56087067174,68
174,11170114,Sinchang-dong,신창동,11170,Yongsan-gu,용산구,11,Seoul,서울특별시,2650.94792644909,35
175,11170115,Sancheon-dong,산천동,11170,Yongsan-gu,용산구,11,Seoul,서울특별시,1417.07987347162,21
176,11170116,Cheongam-dong,청암동,11170,Yongsan-gu,용산구,11,Seoul,서울특별시,1354.28817501707,12
177,11170117,Wonhyoro 3(sam)-ga,원효로3가,11170,Yongsan-gu,용산구,11,Seoul,서울특별시,4018.24825298827,56
178,11170118,Wonhyoro 4(sa)-ga,원효로4가,11170,Yongsan-gu,용산구,11,Seoul,서울특별시,4347.26729462275,36
179,11170119,Hyochang-dong,효창동,11170,Yongsan-gu,용산구,11,Seoul,서울특별시,12249.8859952404,148
180,11170120,Dowon-dong,도원동,11170,Yongsan-gu,용산구,11,Seoul,서울특별시,1329.68836431485,14
181,11170121,Yongmun-dong,용문동,11170,Yongsan-gu,용산구,11,Seoul,서울특별시,7727.51110595422,100
182,11170122,Munbae-dong,문배동,11170,Yongsan-gu,용산구,11,Seoul,서울특별시,3593.99046636368,20
183,11170123,Singye-dong,신계동,11170,Yongsan-gu,용산구,11,Seoul,서울특별시,3122.25142865278,40
184,11170124,Hangangno 1(il)-ga,한강로1가,11170,Yongsan-gu,용산구,11,Seoul,서울특별시,4599.67986809785,54
185,11170125,Hangangno 2(i)-ga,한강로2가,11170,Yongsan-gu,용산구,11,Seoul,서울특별시,9050.64982125396,94
186,11170126,Yongsan-dong 3(sam)-ga,용산동3가,11170,Yongsan-gu,용산구,11,Seoul,서울특별시,1227.44466311084,30
187,11170127,Yongsan-dong 5(o)-ga,용산동5가,11170,Yongsan-gu,용산구,11,Seoul,서울특별시,1098.81849623587,8
188,11170128,Hangangno 3(sam)-ga,한강로3가,11170,Yongsan-gu,용산구,11,Seoul,서울특별시,14681.1211590897,124
189,11170129,Ichon-dong,이촌동,11170,Yongsan-gu,용산구,11,Seoul,서울특별시,24356.6679555691,81
190,11170130,Itaewon-dong,이태원동,11170,Yongsan-gu,용산구,11,Seoul,서울특별시,37100.4015809087,416
191,11170131,Hannam-dong,한남동,11170,Yongsan-gu,용산구,11,Seoul,서울특별시,53170.1959053988,424
192,11170132,Dongbinggo-dong,동빙고동,11170,Yongsan-gu,용산구,11,Seoul,서울특별시,7733.70425632359,93
193,11170133,Seobinggo-dong,서빙고동,11170,Yongsan-gu,용산구,11,Seoul,서울특별시,9388.35660481574,59
194,11170134,Juseong-dong,주성동,11170,Yongsan-gu,용산구,11,Seoul,서울특별시,2638.80815333849,27
195,11170135,Yongsan-dong 6(yuk)-ga,용산동6가,11170,Yongsan-gu,용산구,11,Seoul,서울특별시,3462.69298521727,11
196,11170136,Bogwang-dong,보광동,11170,Yongsan-gu,용산구,11,Seoul,서울특별시,23465.6784426859,358
197,11200101,Sangwangsimni-dong,상왕십리동,11200,Seongdong-gu,성동구,11,Seoul,서울특별시,1732.72714324329,16
198,11200102,Hawangsimni-dong,하왕십리동,11200,Seongdong-gu,성동구,11,Seoul,서울특별시,11122.0781061937,150
199,11200103,Hongik-dong,홍익동,11200,Seongdong-gu,성동구,11,Seoul,서울특별시,6095.73479872653,86
200,11200104,Doseon-dong,도선동,11200,Seongdong-gu,성동구,11,Seoul,서울특별시,4849.70762820122,60
201,11200105,Majang-dong,마장동,11200,Seongdong-gu,성동구,11,Seoul,서울특별시,28685.1806591256,301
202,11200106,Sageun-dong,사근동,11200,Seongdong-gu,성동구,11,Seoul,서울특별시,9408.27983604528,122
203,11200107,Haengdang-dong,행당동,11200,Seongdong-gu,성동구,11,Seoul,서울특별시,26717.6246550451,234
204,11200108,Eungbong-dong,응봉동,11200,Seongdong-gu,성동구,11,Seoul,서울특별시,8280.5609135888,64
205,11200109,Geumho-dong1(il)-ga,금호동1가,11200,Seongdong-gu,성동구,11,Seoul,서울특별시,6099.54189285941,58
206,11200110,Geumho-dong2(i)-ga,금호동2가,11200,Seongdong-gu,성동구,11,Seoul,서울특별시,7099.38358685052,78
207,11200111,Geumho-dong3(sam)-ga,금호동3가,11200,Seongdong-gu,성동구,11,Seoul,서울특별시,10762.3963096315,143
208,11200112,Geumho-dong4(sa)-ga,금호동4가,11200,Seongdong-gu,성동구,11,Seoul,서울특별시,11072.8632471701,99
209,11200113,Oksu-dong,옥수동,11200,Seongdong-gu,성동구,11,Seoul,서울특별시,11790.2670040261,57
210,11200114,Seongsu-dong1(il)-ga,성수동1가,11200,Seongdong-gu,성동구,11,Seoul,서울특별시,44216.1581960111,336
211,11200115,Seongsu-dong2(i)-ga,성수동2가,11200,Seongdong-gu,성동구,11,Seoul,서울특별시,48875.166558269,350
212,11200118,Songjeong-dong,송정동,11200,Seongdong-gu,성동구,11,Seoul,서울특별시,22724.7028990605,145
213,11200122,Yongdap-dong,용답동,11200,Seongdong-gu,성동구,11,Seoul,서울특별시,25121.3258501238,205
214,11215101,Junggok-dong,중곡동,11215,Gwangjin-gu,광진구,11,Seoul,서울특별시,87146.116599672,878
215,11215102,Neung-dong,능동,11215,Gwangjin-gu,광진구,11,Seoul,서울특별시,14588.1932821387,137
216,11215103,Guui-dong,구의동,11215,Gwangjin-gu,광진구,11,Seoul,서울특별시,62889.5391844648,554
217,11215104,Gwangjang-dong,광장동,11215,Gwangjin-gu,광진구,11,Seoul,서울특별시,21971.6887045767,81
218,11215105,Jayang-dong,자양동,11215,Gwangjin-gu,광진구,11,Seoul,서울특별시,87284.6712541727,747
219,11215107,Hwayang-dong,화양동,11215,Gwangjin-gu,광진구,11,Seoul,서울특별시,24427.0691689887,282
220,11215109,Gunja-dong,군자동,11215,Gwangjin-gu,광진구,11,Seoul,서울특별시,24746.9461778637,254
221,11230101,Sinseol-dong,신설동,11230,Dongdaemun-gu,동대문구,11,Seoul,서울특별시,13187.3084022301,112
222,11230102,Yongdu-dong,용두동,11230,Dongdaemun-gu,동대문구,11,Seoul,서울특별시,40855.2425429022,287
223,11230103,Jegi-dong,제기동,11230,Dongdaemun-gu,동대문구,11,Seoul,서울특별시,47491.8594322684,564
224,11230104,Jeonnong-dong,전농동,11230,Dongdaemun-gu,동대문구,11,Seoul,서울특별시,41866.9825059265,470
225,11230105,Dapsipni-dong,답십리동,11230,Dongdaemun-gu,동대문구,11,Seoul,서울특별시,38067.0779658172,394
226,11230106,Jangan-dong,장안동,11230,Dongdaemun-gu,동대문구,11,Seoul,서울특별시,59843.0588104871,412
227,11230107,Cheongnyangni-dong,청량리동,11230,Dongdaemun-gu,동대문구,11,Seoul,서울특별시,25374.2337861443,298
228,11230108,Hoegi-dong,회기동,11230,Dongdaemun-gu,동대문구,11,Seoul,서울특별시,12683.3923915747,142
229,11230109,Hwigyeong-dong,휘경동,11230,Dongdaemun-gu,동대문구,11,Seoul,서울특별시,32270.6688030262,286
230,11230110,Imun-dong,이문동,11230,Dongdaemun-gu,동대문구,11,Seoul,서울특별시,53364.0783016538,646
231,11260101,Myeonmok-dong,면목동,11260,Jungnang-gu,중랑구,11,Seoul,서울특별시,148893.247697246,1848
232,11260102,Sangbong-dong,상봉동,11260,Jungnang-gu,중랑구,11,Seoul,서울특별시,39549.4971839398,476
233,11260103,Junghwa-dong,중화동,11260,Jungnang-gu,중랑구,11,Seoul,서울특별시,51521.2063329026,577
234,11260104,Muk-dong,묵동,11260,Jungnang-gu,중랑구,11,Seoul,서울특별시,44899.9933475574,436
235,11260105,Mangu-dong,망우동,11260,Jungnang-gu,중랑구,11,Seoul,서울특별시,64648.542172666,670
236,11260106,Sinnae-dong,신내동,11260,Jungnang-gu,중랑구,11,Seoul,서울특별시,34215.9211234254,207
237,11290101,Seongbuk-dong,성북동,11290,Seongbuk-gu,성북구,11,Seoul,서울특별시,43375.1814520949,488
238,11290102,Seongbuk-dong 1(il)-ga,성북동1가,11290,Seongbuk-gu,성북구,11,Seoul,서울특별시,3283.20393856114,50
239,11290103,Donam-dong,돈암동,11290,Seongbuk-gu,성북구,11,Seoul,서울특별시,13508.9386731541,144
240,11290104,Dongsomun-dong 1(il)-ga,동소문동1가,11290,Seongbuk-gu,성북구,11,Seoul,서울특별시,2461.40732542401,30
241,11290105,Dongsomun-dong 2(i)-ga,동소문동2가,11290,Seongbuk-gu,성북구,11,Seoul,서울특별시,1961.57538370804,27
242,11290106,Dongsomun-dong 3(sam)-ga,동소문동3가,11290,Seongbuk-gu,성북구,11,Seoul,서울특별시,843.082272302829,14
243,11290107,Dongsomun-dong 4(sa)-ga,동소문동4가,11290,Seongbuk-gu,성북구,11,Seoul,서울특별시,2839.68790855002,31
244,11290108,Dongsomun-dong 5(o)-ga,동소문동5가,11290,Seongbuk-gu,성북구,11,Seoul,서울특별시,1500.54037770204,17
245,11290109,Dongsomun-dong 6(yuk)-ga,동소문동6가,11290,Seongbuk-gu,성북구,11,Seoul,서울특별시,3134.67121920191,41
246,11290110,Dongsomun-dong 7(chil)-ga,동소문동7가,11290,Seongbuk-gu,성북구,11,Seoul,서울특별시,1777.67403610321,26
247,11290111,Samseon-dong 1(il)-ga,삼선동1가,11290,Seongbuk-gu,성북구,11,Seoul,서울특별시,9858.74130649262,171
248,11290112,Samseon-dong 2(i)-ga,삼선동2가,11290,Seongbuk-gu,성북구,11,Seoul,서울특별시,5856.69324565511,94
249,11290113,Samseon-dong 3(sam)-ga,삼선동3가,11290,Seongbuk-gu,성북구,11,Seoul,서울특별시,3292.96853189259,43
250,11290114,Samseon-dong 4(sa)-ga,삼선동4가,11290,Seongbuk-gu,성북구,11,Seoul,서울특별시,3245.88167426474,32
251,11290115,Samseon-dong 5(o)-ga,삼선동5가,11290,Seongbuk-gu,성북구,11,Seoul,서울특별시,4309.13625613216,58
252,11290116,Dongseon-dong 1(il)-ga,동선동1가,11290,Seongbuk-gu,성북구,11,Seoul,서울특별시,3547.09230008099,42
253,11290117,Dongseon-dong 2(i)-ga,동선동2가,11290,Seongbuk-gu,성북구,11,Seoul,서울특별시,3762.5011395183,49
254,11290118,Dongseon-dong 3(sam)-ga,동선동3가,11290,Seongbuk-gu,성북구,11,Seoul,서울특별시,3741.61345523733,43
255,11290119,Dongseon-dong 4(sa)-ga,동선동4가,11290,Seongbuk-gu,성북구,11,Seoul,서울특별시,3023.28189321019,47
256,11290120,Dongseon-dong 5(o)-ga,동선동5가,11290,Seongbuk-gu,성북구,11,Seoul,서울특별시,2756.45481866237,36
257,11290121,Anam-dong 1(il)-ga,안암동1가,11290,Seongbuk-gu,성북구,11,Seoul,서울특별시,3356.88638412033,45
258,11290122,Anam-dong 2(i)-ga,안암동2가,11290,Seongbuk-gu,성북구,11,Seoul,서울특별시,3650.58321635283,57
259,11290123,Anam-dong 3(sam)-ga,안암동3가,11290,Seongbuk-gu,성북구,11,Seoul,서울특별시,3756.18323335494,53
260,11290124,Anam-dong 4(sa)-ga,안암동4가,11290,Seongbuk-gu,성북구,11,Seoul,서울특별시,2060.30095262588,20
261,11290125,Anam-dong 5(o)-ga,안암동5가,11290,Seongbuk-gu,성북구,11,Seoul,서울특별시,11483.786432963,109
262,11290126,Bomun-dong 4(sa)-ga,보문동4가,11290,Seongbuk-gu,성북구,11,Seoul,서울특별시,1582.83813495309,14
263,11290127,Bomun-dong 5(o)-ga,보문동5가,11290,Seongbuk-gu,성북구,11,Seoul,서울특별시,2098.59928386813,42
264,11290128,Bomun-dong 6(yuk)-ga,보문동6가,11290,Seongbuk-gu,성북구,11,Seoul,서울특별시,4718.23083502654,71
265,11290129,Bomun-dong 7(chil)-ga,보문동7가,11290,Seongbuk-gu,성북구,11,Seoul,서울특별시,3143.94911811324,36
266,11290130,Bomun-dong 1(il)-ga,보문동1가,11290,Seongbuk-gu,성북구,11,Seoul,서울특별시,2898.80085734562,29
267,11290131,Bomun-dong 2(i)-ga,보문동2가,11290,Seongbuk-gu,성북구,11,Seoul,서울특별시,2395.23162387721,34
268,11290132,Bomun-dong 3(sam)-ga,보문동3가,11290,Seongbuk-gu,성북구,11,Seoul,서울특별시,1381.69660521274,21
269,11290133,Jeongneung-dong,정릉동,11290,Seongbuk-gu,성북구,11,Seoul,서울특별시,99058.2841287047,1050
270,11290134,Gireum-dong,길음동,11290,Seongbuk-gu,성북구,11,Seoul,서울특별시,17495.217844598,129
271,11290135,Jongam-dong,종암동,11290,Seongbuk-gu,성북구,11,Seoul,서울특별시,33662.6580463972,302
272,11290136,Hawolgok-dong,하월곡동,11290,Seongbuk-gu,성북구,11,Seoul,서울특별시,35664.8761947358,377
273,11290137,Sangwolgok-dong,상월곡동,11290,Seongbuk-gu,성북구,11,Seoul,서울특별시,11206.7282930628,150
274,11290138,Jangwi-dong,장위동,11290,Seongbuk-gu,성북구,11,Seoul,서울특별시,74449.0147071413,782
275,11290139,Seokgwan-dong,석관동,11290,Seongbuk-gu,성북구,11,Seoul,서울특별시,41529.5514393369,444
276,11305101,Mia-dong,미아동,11305,Gangbuk-gu,강북구,11,Seoul,서울특별시,138568.180122342,1789
277,11305102,Beon-dong,번동,11305,Gangbuk-gu,강북구,11,Seoul,서울특별시,48445.0904965802,478
278,11305103,Suyu-dong,수유동,11305,Gangbuk-gu,강북구,11,Seoul,서울특별시,139524.955831751,1561
279,11305104,Ui-dong,우이동,11305,Gangbuk-gu,강북구,11,Seoul,서울특별시,28791.0568414789,212
280,11320105,Ssangmun-dong,쌍문동,11320,Dobong-gu,도봉구,11,Seoul,서울특별시,67024.2988282451,618
281,11320106,Banghak-dong,방학동,11320,Dobong-gu,도봉구,11,Seoul,서울특별시,60919.1245872039,545
282,11320107,Chang-dong,창동,11320,Dobong-gu,도봉구,11,Seoul,서울특별시,76954.1519040742,590
283,11320108,Dobong-dong,도봉동,11320,Dobong-gu,도봉구,11,Seoul,서울특별시,58702.5202816182,473
284,11350102,Wolgye-dong,월계동,11350,Nowon-gu,노원구,11,Seoul,서울특별시,46690.7888510835,263
285,11350103,Gongneung-dong,공릉동,11350,Nowon-gu,노원구,11,Seoul,서울특별시,54725.9449393988,376
286,11350104,Hagye-dong,하계동,11350,Nowon-gu,노원구,11,Seoul,서울특별시,20103.3169775339,107
287,11350105,Sanggye-dong,상계동,11350,Nowon-gu,노원구,11,Seoul,서울특별시,138538.465948368,1008
288,11350106,Junggye-dong,중계동,11350,Nowon-gu,노원구,11,Seoul,서울특별시,47432.2451565041,332
289,11380101,Susaek-dong,수색동,11380,Eunpyeong-gu,은평구,11,Seoul,서울특별시,16451.2791824168,147
290,11380102,Nokbeon-dong,녹번동,11380,Eunpyeong-gu,은평구,11,Seoul,서울특별시,21211.4828890979,168
291,11380103,Bulgwang-dong,불광동,11380,Eunpyeong-gu,은평구,11,Seoul,서울특별시,47779.1773722586,369
292,11380104,Galhyeon-dong,갈현동,11380,Eunpyeong-gu,은평구,11,Seoul,서울특별시,42959.988279712,376
293,11380105,Gusan-dong,구산동,11380,Eunpyeong-gu,은평구,11,Seoul,서울특별시,19055.3761230883,150
294,11380106,Daejo-dong,대조동,11380,Eunpyeong-gu,은평구,11,Seoul,서울특별시,24343.4312097821,206
295,11380107,Eungam-dong,응암동,11380,Eunpyeong-gu,은평구,11,Seoul,서울특별시,51280.5029582137,388
296,11380108,Yeokchon-dong,역촌동,11380,Eunpyeong-gu,은평구,11,Seoul,서울특별시,30423.9392421308,269
297,11380109,Sinsa-dong,신사동,11380,Eunpyeong-gu,은평구,11,Seoul,서울특별시,30832.1733145092,248
298,11380110,Jeungsan-dong,증산동,11380,Eunpyeong-gu,은평구,11,Seoul,서울특별시,15280.8284405881,114
299,11380114,Jingwan-dong,진관동,11380,Eunpyeong-gu,은평구,11,Seoul,서울특별시,39851.8053557396,63
300,11410101,Chungjeongno 2(i)-ga,충정로2가,11410,Seodaemun-gu,서대문구,11,Seoul,서울특별시,3339.20798433104,40
301,11410102,Chungjeongno 3(sam)-ga,충정로3가,11410,Seodaemun-gu,서대문구,11,Seoul,서울특별시,8204.69769401193,110
302,11410103,Hap-dong,합동,11410,Seodaemun-gu,서대문구,11,Seoul,서울특별시,590.832598898497,11
303,11410104,Migeun-dong,미근동,11410,Seodaemun-gu,서대문구,11,Seoul,서울특별시,1663.35760423825,21
304,11410105,Naengcheon-dong,냉천동,11410,Seodaemun-gu,서대문구,11,Seoul,서울특별시,2374.59834287736,36
305,11410106,Cheonyeon-dong,천연동,11410,Seodaemun-gu,서대문구,11,Seoul,서울특별시,3226.08062373969,46
306,11410107,Okcheon-dong,옥천동,11410,Seodaemun-gu,서대문구,11,Seoul,서울특별시,1513.58938951084,34
307,11410108,Yeongcheon-dong,영천동,11410,Seodaemun-gu,서대문구,11,Seoul,서울특별시,1562.05945108417,21
308,11410109,Hyeonjeo-dong,현저동,11410,Seodaemun-gu,서대문구,11,Seoul,서울특별시,4084.72209494293,31
309,11410110,Bugahyeon-dong,북아현동,11410,Seodaemun-gu,서대문구,11,Seoul,서울특별시,25451.2194906829,303
310,11410111,Hongje-dong,홍제동,11410,Seodaemun-gu,서대문구,11,Seoul,서울특별시,45919.6995179573,443
311,11410112,Daehyeon-dong,대현동,11410,Seodaemun-gu,서대문구,11,Seoul,서울특별시,6033.38126447297,70
312,11410113,Daesin-dong,대신동,11410,Seodaemun-gu,서대문구,11,Seoul,서울특별시,4662.9551279091,29
313,11410114,Sinchon-dong,신촌동,11410,Seodaemun-gu,서대문구,11,Seoul,서울특별시,3274.49397239512,26
314,11410115,Bongwon-dong,봉원동,11410,Seodaemun-gu,서대문구,11,Seoul,서울특별시,1850.25803482354,19
315,11410116,Changcheon-dong,창천동,11410,Seodaemun-gu,서대문구,11,Seoul,서울특별시,18781.8767871779,194
316,11410117,Yeonhui-dong,연희동,11410,Seodaemun-gu,서대문구,11,Seoul,서울특별시,61273.2967673729,533
317,11410118,Hongeun-dong,홍은동,11410,Seodaemun-gu,서대문구,11,Seoul,서울특별시,53982.906752573,559
318,11410119,Bukgajwa-dong,북가좌동,11410,Seodaemun-gu,서대문구,11,Seoul,서울특별시,40655.4240266496,392
319,11410120,Namgajwa-dong,남가좌동,11410,Seodaemun-gu,서대문구,11,Seoul,서울특별시,25379.7518471486,231
320,11440101,Ahyeon-dong,아현동,11440,Mapo-gu,마포구,11,Seoul,서울특별시,16932.3970477333,172
321,11440102,Gongdeok-dong,공덕동,11440,Mapo-gu,마포구,11,Seoul,서울특별시,21958.7261127212,265
322,11440103,Singongdeok-dong,신공덕동,11440,Mapo-gu,마포구,11,Seoul,서울특별시,6038.80853202152,78
323,11440104,Dohwa-dong,도화동,11440,Mapo-gu,마포구,11,Seoul,서울특별시,12661.8284062131,113
324,11440105,Yonggang-dong,용강동,11440,Mapo-gu,마포구,11,Seoul,서울특별시,6751.29209681409,54
325,11440106,Tojeong-dong,토정동,11440,Mapo-gu,마포구,11,Seoul,서울특별시,1656.47449420358,11
326,11440107,Mapo-dong,마포동,11440,Mapo-gu,마포구,11,Seoul,서울특별시,4881.98825588648,48
327,11440108,Daeheung-dong,대흥동,11440,Mapo-gu,마포구,11,Seoul,서울특별시,14730.6560147366,180
328,11440109,Yeomni-dong,염리동,11440,Mapo-gu,마포구,11,Seoul,서울특별시,11712.4573700939,149
329,11440110,Nogosan-dong,노고산동,11440,Mapo-gu,마포구,11,Seoul,서울특별시,13233.3937855379,163
330,11440111,Sinsu-dong,신수동,11440,Mapo-gu,마포구,11,Seoul,서울특별시,13542.9979709701,147
331,11440112,Hyeonseok-dong,현석동,11440,Mapo-gu,마포구,11,Seoul,서울특별시,3260.79142683904,26
332,11440113,Gusu-dong,구수동,11440,Mapo-gu,마포구,11,Seoul,서울특별시,1376.75400033857,18
333,11440114,Changjeon-dong,창전동,11440,Mapo-gu,마포구,11,Seoul,서울특별시,8641.8759585146,75
334,11440115,Sangsu-dong,상수동,11440,Mapo-gu,마포구,11,Seoul,서울특별시,11294.5674531016,112
335,11440116,Hajung-dong,하중동,11440,Mapo-gu,마포구,11,Seoul,서울특별시,999.456319418588,9
336,11440117,Sinjeong-dong,신정동,11440,Mapo-gu,마포구,11,Seoul,서울특별시,2141.48355804563,15
337,11440118,Dangin-dong,당인동,11440,Mapo-gu,마포구,11,Seoul,서울특별시,3507.60711763295,31
338,11440120,Seogyo-dong,서교동,11440,Mapo-gu,마포구,11,Seoul,서울특별시,38875.6288715091,373
339,11440121,Donggyo-dong,동교동,11440,Mapo-gu,마포구,11,Seoul,서울특별시,14508.125286254,150
340,11440122,Hapjeong-dong,합정동,11440,Mapo-gu,마포구,11,Seoul,서울특별시,29904.5191607289,245
341,11440123,Mangwon-dong,망원동,11440,Mapo-gu,마포구,11,Seoul,서울특별시,39158.6077281759,367
342,11440124,Yeonnam-dong,연남동,11440,Mapo-gu,마포구,11,Seoul,서울특별시,24122.8816203386,286
343,11440125,Seongsan-dong,성산동,11440,Mapo-gu,마포구,11,Seoul,서울특별시,51381.1437466998,370
344,11440126,Jung-dong,중동,11440,Mapo-gu,마포구,11,Seoul,서울특별시,6706.54551536785,63
345,11440127,Sangam-dong,상암동,11440,Mapo-gu,마포구,11,Seoul,서울특별시,42537.6324124173,113
346,11470101,Sinjeong-dong,신정동,11470,Yangcheon-gu,양천구,11,Seoul,서울특별시,85393.5279326289,365
347,11470102,Mok-dong,목동,11470,Yangcheon-gu,양천구,11,Seoul,서울특별시,77839.0918019859,386
348,11470103,Sinwol-dong,신월동,11470,Yangcheon-gu,양천구,11,Seoul,서울특별시,88922.580253478,421
349,11500101,Yeomchang-dong,염창동,11500,Gangseo-gu,강서구,11,Seoul,서울특별시,23927.3025266557,89
350,11500102,Deungchon-dong,등촌동,11500,Gangseo-gu,강서구,11,Seoul,서울특별시,43786.917461551,263
351,11500103,Hwagok-dong,화곡동,11500,Gangseo-gu,강서구,11,Seoul,서울특별시,164801.595108888,1229
352,11500104,Gayang-dong,가양동,11500,Gangseo-gu,강서구,11,Seoul,서울특별시,25413.6345324237,85
353,11500105,Magok-dong,마곡동,11500,Gangseo-gu,강서구,11,Seoul,서울특별시,40373.9845785206,98
354,11500106,Naebalsan-dong,내발산동,11500,Gangseo-gu,강서구,11,Seoul,서울특별시,24607.5211226116,152
355,11500107,Oebalsan-dong,외발산동,11500,Gangseo-gu,강서구,11,Seoul,서울특별시,9026.67823103864,28
356,11500108,Gonghang-dong,공항동,11500,Gangseo-gu,강서구,11,Seoul,서울특별시,30350.9680061243,231
357,11500109,Banghwa-dong,방화동,11500,Gangseo-gu,강서구,11,Seoul,서울특별시,66723.4711020515,465
358,11500110,Gaehwa-dong,개화동,11500,Gangseo-gu,강서구,11,Seoul,서울특별시,25487.5618238487,95
359,11500111,Gwahae-dong,과해동,11500,Gangseo-gu,강서구,11,Seoul,서울특별시,4590.41803660459,6
360,11500112,Ogok-dong,오곡동,11500,Gangseo-gu,강서구,11,Seoul,서울특별시,4163.1221822507,8
361,11500113,Osoe-dong,오쇠동,11500,Gangseo-gu,강서구,11,Seoul,서울특별시,1974.38220870792,4
362,11530101,Sindorim-dong,신도림동,11530,Guro-gu,구로구,11,Seoul,서울특별시,24040.4687696237,124
363,11530102,Guro-dong,구로동,11530,Guro-gu,구로구,11,Seoul,서울특별시,123078.128166509,1035
364,11530103,Garibong-dong,가리봉동,11530,Guro-gu,구로구,11,Seoul,서울특별시,17037.9209798352,247
365,11530106,Gocheok-dong,고척동,11530,Guro-gu,구로구,11,Seoul,서울특별시,43506.0166390353,387
366,11530107,Gaebong-dong,개봉동,11530,Guro-gu,구로구,11,Seoul,서울특별시,62502.0244318508,464
367,11530108,Oryu-dong,오류동,11530,Guro-gu,구로구,11,Seoul,서울특별시,33588.2385891038,303
368,11530109,Gung-dong,궁동,11530,Guro-gu,구로구,11,Seoul,서울특별시,18568.9088213953,124
369,11530110,Onsu-dong,온수동,11530,Guro-gu,구로구,11,Seoul,서울특별시,8896.85395726892,61
370,11530111,Cheonwang-dong,천왕동,11530,Guro-gu,구로구,11,Seoul,서울특별시,8058.95738281187,31
371,11530112,Hang-dong,항동,11530,Guro-gu,구로구,11,Seoul,서울특별시,9499.58079792114,24
372,11545101,Gasan-dong,가산동,11545,Geumcheon-gu,금천구,11,Seoul,서울특별시,40692.0999295656,170
373,11545102,Doksan-dong,독산동,11545,Geumcheon-gu,금천구,11,Seoul,서울특별시,94986.3417944666,865
374,11545103,Siheung-dong,시흥동,11545,Geumcheon-gu,금천구,11,Seoul,서울특별시,91767.2928422709,903
375,11560101,Yeongdeungpo-dong,영등포동,11560,Yeongdeungpo-gu,영등포구,11,Seoul,서울특별시,12034.3528520017,144
376,11560102,Yeongdeungpo-dong 1(il)-ga,영등포동1가,11560,Yeongdeungpo-gu,영등포구,11,Seoul,서울특별시,2359.1459025904,19
377,11560103,Yeongdeungpo-dong 2(i)-ga,영등포동2가,11560,Yeongdeungpo-gu,영등포구,11,Seoul,서울특별시,8043.8057389446,62
378,11560104,Yeongdeungpo-dong 3(sam)-ga,영등포동3가,11560,Yeongdeungpo-gu,영등포구,11,Seoul,서울특별시,4194.35483483356,47
379,11560105,Yeongdeungpo-dong 4(sa)-ga,영등포동4가,11560,Yeongdeungpo-gu,영등포구,11,Seoul,서울특별시,4240.41442297402,49
380,11560106,Yeongdeungpo-dong 5(o)-ga,영등포동5가,11560,Yeongdeungpo-gu,영등포구,11,Seoul,서울특별시,3712.35050883386,46
381,11560107,Yeongdeungpo-dong 6(yuk)-ga,영등포동6가,11560,Yeongdeungpo-gu,영등포구,11,Seoul,서울특별시,4154.43360618924,57
382,11560108,Yeongdeungpo-dong 7(chil)-ga,영등포동7가,11560,Yeongdeungpo-gu,영등포구,11,Seoul,서울특별시,6944.3590998349,60
383,11560109,Yeongdeungpo-dong 8(pal)-ga,영등포동8가,11560,Yeongdeungpo-gu,영등포구,11,Seoul,서울특별시,3678.76948786225,52
384,11560110,Yeouido-dong,여의도동,11560,Yeongdeungpo-gu,영등포구,11,Seoul,서울특별시,45589.8215573028,67
385,11560111,Dangsan-dong 1(il)-ga,당산동1가,11560,Yeongdeungpo-gu,영등포구,11,Seoul,서울특별시,7708.57548202403,90
386,11560112,Dangsan-dong 2(i)-ga,당산동2가,11560,Yeongdeungpo-gu,영등포구,11,Seoul,서울특별시,3396.28943589632,47
387,11560113,Dangsan-dong 3(sam)-ga,당산동3가,11560,Yeongdeungpo-gu,영등포구,11,Seoul,서울특별시,7946.67470393274,74
388,11560114,Dangsan-dong 4(sa)-ga,당산동4가,11560,Yeongdeungpo-gu,영등포구,11,Seoul,서울특별시,5644.16333455936,56
389,11560115,Dangsan-dong 5(o)-ga,당산동5가,11560,Yeongdeungpo-gu,영등포구,11,Seoul,서울특별시,2554.40960911185,22
390,11560116,Dangsan-dong 6(yuk)-ga,당산동6가,11560,Yeongdeungpo-gu,영등포구,11,Seoul,서울특별시,5900.58020851808,52
391,11560117,Dangsan-dong,당산동,11560,Yeongdeungpo-gu,영등포구,11,Seoul,서울특별시,8925.73320278304,28
392,11560118,Dorim-dong,도림동,11560,Yeongdeungpo-gu,영등포구,11,Seoul,서울특별시,21042.3894911701,260
393,11560119,Mullae-dong 1(il)-ga,문래동1가,11560,Yeongdeungpo-gu,영등포구,11,Seoul,서울특별시,6084.96761214301,67
394,11560120,Mullae-dong 2(i)-ga,문래동2가,11560,Yeongdeungpo-gu,영등포구,11,Seoul,서울특별시,5119.47196627913,45
395,11560121,Mullae-dong 3(sam)-ga,문래동3가,11560,Yeongdeungpo-gu,영등포구,11,Seoul,서울특별시,10205.1683550492,77
396,11560122,Mullae-dong 4(sa)-ga,문래동4가,11560,Yeongdeungpo-gu,영등포구,11,Seoul,서울특별시,9301.89440850707,108
397,11560123,Mullae-dong 5(o)-ga,문래동5가,11560,Yeongdeungpo-gu,영등포구,11,Seoul,서울특별시,5687.37834851983,26
398,11560124,Mullae-dong 6(yuk)-ga,문래동6가,11560,Yeongdeungpo-gu,영등포구,11,Seoul,서울특별시,6184.31495291612,29
399,11560125,Yangpyeong-dong 1(il)-ga,양평동1가,11560,Yeongdeungpo-gu,영등포구,11,Seoul,서울특별시,8496.61831829713,98
400,11560126,Yangpyeong-dong 2(i)-ga,양평동2가,11560,Yeongdeungpo-gu,영등포구,11,Seoul,서울특별시,4057.89543147631,38
401,11560127,Yangpyeong-dong 3(sam)-ga,양평동3가,11560,Yeongdeungpo-gu,영등포구,11,Seoul,서울특별시,9031.49439870794,61
402,11560128,Yangpyeong-dong 4(sa)-ga,양평동4가,11560,Yeongdeungpo-gu,영등포구,11,Seoul,서울특별시,8425.60791202951,74
403,11560129,Yangpyeong-dong 5(o)-ga,양평동5가,11560,Yeongdeungpo-gu,영등포구,11,Seoul,서울특별시,5676.36630885393,36
404,11560130,Yangpyeong-dong 6(yuk)-ga,양평동6가,11560,Yeongdeungpo-gu,영등포구,11,Seoul,서울특별시,3230.6974126683,15
405,11560131,Yanghwa-dong,양화동,11560,Yeongdeungpo-gu,영등포구,11,Seoul,서울특별시,6964.83926116783,8
406,11560132,Singil-dong,신길동,11560,Yeongdeungpo-gu,영등포구,11,Seoul,서울특별시,109171.719560052,1156
407,11560133,Daerim-dong,대림동,11560,Yeongdeungpo-gu,영등포구,11,Seoul,서울특별시,64642.4511215647,546
408,11560134,Yangpyeong-dong,양평동,11560,Yeongdeungpo-gu,영등포구,11,Seoul,서울특별시,7853.61367757645,7
409,11590101,Noryangjin-dong,노량진동,11590,Dongjak-gu,동작구,11,Seoul,서울특별시,34246.4611106379,319
410,11590102,Sangdo-dong,상도동,11590,Dongjak-gu,동작구,11,Seoul,서울특별시,78178.0596770626,663
411,11590103,Sangdo 1(il)-dong,상도1동,11590,Dongjak-gu,동작구,11,Seoul,서울특별시,10256.1658773694,81
412,11590104,Bon-dong,본동,11590,Dongjak-gu,동작구,11,Seoul,서울특별시,12316.2800280757,61
413,11590105,Heukseok-dong,흑석동,11590,Dongjak-gu,동작구,11,Seoul,서울특별시,30207.7766266094,260
414,11590106,Dongjak-dong,동작동,11590,Dongjak-gu,동작구,11,Seoul,서울특별시,7098.84004549335,31
415,11590107,Sadang-dong,사당동,11590,Dongjak-gu,동작구,11,Seoul,서울특별시,73813.7575411818,585
416,11590108,Daebang-dong,대방동,11590,Dongjak-gu,동작구,11,Seoul,서울특별시,25714.0490345378,208
417,11590109,Sindaebang-dong,신대방동,11590,Dongjak-gu,동작구,11,Seoul,서울특별시,31174.027923056,273
418,11620101,Bongcheon-dong,봉천동,11620,Gwanak-gu,관악구,11,Seoul,서울특별시,158754.485854462,1587
419,11620102,Sillim-dong,신림동,11620,Gwanak-gu,관악구,11,Seoul,서울특별시,239082.988689903,2221
420,11620103,Namhyeon-dong,남현동,11620,Gwanak-gu,관악구,11,Seoul,서울특별시,18897.7669000641,122
421,11650101,Bangbae-dong,방배동,11650,Seocho-gu,서초구,11,Seoul,서울특별시,114901.967133971,777
422,11650102,Yangjae-dong,양재동,11650,Seocho-gu,서초구,11,Seoul,서울특별시,67913.8908739363,314
423,11650103,Umyeon-dong,우면동,11650,Seocho-gu,서초구,11,Seoul,서울특별시,29784.6645550356,80
424,11650104,Wonji-dong,원지동,11650,Seocho-gu,서초구,11,Seoul,서울특별시,15907.7988749316,48
425,11650106,Jamwon-dong,잠원동,11650,Seocho-gu,서초구,11,Seoul,서울특별시,29722.8996860691,127
426,11650107,Banpo-dong,반포동,11650,Seocho-gu,서초구,11,Seoul,서울특별시,51842.6337921745,282
427,11650108,Seocho-dong,서초동,11650,Seocho-gu,서초구,11,Seoul,서울특별시,98553.6796693119,476
428,11650109,Naegok-dong,내곡동,11650,Seocho-gu,서초구,11,Seoul,서울특별시,31865.9620139699,105
429,11650110,Yeomgok-dong,염곡동,11650,Seocho-gu,서초구,11,Seoul,서울특별시,8485.06425328688,43
430,11650111,Sinwon-dong,신원동,11650,Seocho-gu,서초구,11,Seoul,서울특별시,20873.4997441185,88
431,11680101,Yeoksam-dong,역삼동,11680,Gangnam-gu,강남구,11,Seoul,서울특별시,81944.4607562517,412
432,11680103,Gaepo-dong,개포동,11680,Gangnam-gu,강남구,11,Seoul,서울특별시,38013.1801594787,134
433,11680104,Cheongdam-dong,청담동,11680,Gangnam-gu,강남구,11,Seoul,서울특별시,39867.2637877542,169
434,11680105,Samseong-dong,삼성동,11680,Gangnam-gu,강남구,11,Seoul,서울특별시,49363.8971133333,224
435,11680106,Daechi-dong,대치동,11680,Gangnam-gu,강남구,11,Seoul,서울특별시,54993.576139242,213
436,11680107,Sinsa-dong,신사동,11680,Gangnam-gu,강남구,11,Seoul,서울특별시,40262.761451168,199
437,11680108,Nonhyeon-dong,논현동,11680,Gangnam-gu,강남구,11,Seoul,서울특별시,72752.8311730336,386
438,11680110,Apgujeong-dong,압구정동,11680,Gangnam-gu,강남구,11,Seoul,서울특별시,15735.7458496407,27
439,11680111,Segok-dong,세곡동,11680,Gangnam-gu,강남구,11,Seoul,서울특별시,13224.419319157,46
440,11680112,Jagok-dong,자곡동,11680,Gangnam-gu,강남구,11,Seoul,서울특별시,11177.9908187065,40
441,11680113,Yulhyeon-dong,율현동,11680,Gangnam-gu,강남구,11,Seoul,서울특별시,8593.16563437348,32
442,11680114,Irwon-dong,일원동,11680,Gangnam-gu,강남구,11,Seoul,서울특별시,23549.0019587126,70
443,11680115,Suseo-dong,수서동,11680,Gangnam-gu,강남구,11,Seoul,서울특별시,16132.1717927845,35
444,11680118,Dogok-dong,도곡동,11680,Gangnam-gu,강남구,11,Seoul,서울특별시,24700.4075060474,106
445,11710101,Jamsil-dong,잠실동,11710,Songpa-gu,송파구,11,Seoul,서울특별시,50817.1097125755,135
446,11710102,Sincheon-dong,신천동,11710,Songpa-gu,송파구,11,Seoul,서울특별시,21546.8804850143,31
447,11710103,Pungnap-dong,풍납동,11710,Songpa-gu,송파구,11,Seoul,서울특별시,46800.1547199454,298
448,11710104,Songpa-dong,송파동,11710,Songpa-gu,송파구,11,Seoul,서울특별시,29677.4289675667,194
449,11710105,Seokchon-dong,석촌동,11710,Songpa-gu,송파구,11,Seoul,서울특별시,29066.8654341848,169
450,11710106,Samjeon-dong,삼전동,11710,Songpa-gu,송파구,11,Seoul,서울특별시,25626.3400943226,136
451,11710107,Garak-dong,가락동,11710,Songpa-gu,송파구,11,Seoul,서울특별시,49897.3148708243,215
452,11710108,Munjeong-dong,문정동,11710,Songpa-gu,송파구,11,Seoul,서울특별시,42160.167814408,186
453,11710109,Jangji-dong,장지동,11710,Songpa-gu,송파구,11,Seoul,서울특별시,27651.527097897,45
454,11710111,Bangi-dong,방이동,11710,Songpa-gu,송파구,11,Seoul,서울특별시,50487.3913125319,198
455,11710112,Ogeum-dong,오금동,11710,Songpa-gu,송파구,11,Seoul,서울특별시,34765.012837388,180
456,11710113,Geoyeo-dong,거여동,11710,Songpa-gu,송파구,11,Seoul,서울특별시,33128.3211280349,179
457,11710114,Macheon-dong,마천동,11710,Songpa-gu,송파구,11,Seoul,서울특별시,41506.8973005184,405
458,11740101,Myeongil-dong,명일동,11740,Gangdong-gu,강동구,11,Seoul,서울특별시,18642.8574299643,94
459,11740102,Godeok-dong,고덕동,11740,Gangdong-gu,강동구,11,Seoul,서울특별시,37614.5603600506,105
460,11740103,Sangil-dong,상일동,11740,Gangdong-gu,강동구,11,Seoul,서울특별시,20401.2744404886,60
461,11740105,Gil-dong,길동,11740,Gangdong-gu,강동구,11,Seoul,서울특별시,32811.5495176917,189
462,11740106,Dunchon-dong,둔촌동,11740,Gangdong-gu,강동구,11,Seoul,서울특별시,24467.1663938541,139
463,11740107,Amsa-dong,암사동,11740,Gangdong-gu,강동구,11,Seoul,서울특별시,51934.430103301,294
464,11740108,Seongnae-dong,성내동,11740,Gangdong-gu,강동구,11,Seoul,서울특별시,55904.1050843786,427
465,11740109,Cheonho-dong,천호동,11740,Gangdong-gu,강동구,11,Seoul,서울특별시,72835.6764488848,544
466,11740110,Gangil-dong,강일동,11740,Gangdong-gu,강동구,11,Seoul,서울특별시,16315.9673456235,36
