field_1,EMD_CD,EMD_ENG_NM,EMD_KOR_NM,SIG_CD,SIG_ENG_NM,SIG_KOR_NM,CTPRVN_CD,CTP_ENG_NM,CTP_KOR_NM,ReturnSum
0,11110101,Cheongun-dong,청운동,11110,Jongno-gu,종로구,11,Seoul,서울특별시,8441
1,11110102,Singyo-dong,신교동,11110,Jongno-gu,종로구,11,Seoul,서울특별시,0
2,11110103,Gungjeong-dong,궁정동,11110,Jongno-gu,종로구,11,Seoul,서울특별시,0
3,11110104,Hyoja-dong,효자동,11110,Jongno-gu,종로구,11,Seoul,서울특별시,12006
4,11110105,Changseong-dong,창성동,11110,Jongno-gu,종로구,11,Seoul,서울특별시,16247
5,11110106,Tongui-dong,통의동,11110,Jongno-gu,종로구,11,Seoul,서울특별시,0
6,11110107,Jeokseon-dong,적선동,11110,Jongno-gu,종로구,11,Seoul,서울특별시,29170
7,11110108,Tongin-dong,통인동,11110,Jongno-gu,종로구,11,Seoul,서울특별시,0
8,11110109,Nusang-dong,누상동,11110,Jongno-gu,종로구,11,Seoul,서울특별시,0
9,11110110,Nuha-dong,누하동,11110,Jongno-gu,종로구,11,Seoul,서울특별시,0
10,11110111,Ogin-dong,옥인동,11110,Jongno-gu,종로구,11,Seoul,서울특별시,0
11,11110112,Chebu-dong,체부동,11110,Jongno-gu,종로구,11,Seoul,서울특별시,0
12,11110113,Pirun-dong,필운동,11110,Jongno-gu,종로구,11,Seoul,서울특별시,0
13,11110114,Naeja-dong,내자동,11110,Jongno-gu,종로구,11,Seoul,서울특별시,25953
14,11110115,Sajik-dong,사직동,11110,Jongno-gu,종로구,11,Seoul,서울특별시,19208
15,11110116,Doryeom-dong,도렴동,11110,Jongno-gu,종로구,11,Seoul,서울특별시,0
16,11110117,Dangju-dong,당주동,11110,Jongno-gu,종로구,11,Seoul,서울특별시,34860
17,11110118,Naesu-dong,내수동,11110,Jongno-gu,종로구,11,Seoul,서울특별시,12168
18,11110119,Sejongno,세종로,11110,Jongno-gu,종로구,11,Seoul,서울특별시,78057
19,11110120,Sinmunno 1(il)-ga,신문로1가,11110,Jongno-gu,종로구,11,Seoul,서울특별시,40721
20,11110121,Sinmunno 2(i)-ga,신문로2가,11110,Jongno-gu,종로구,11,Seoul,서울특별시,18302
21,11110122,Cheongjin-dong,청진동,11110,Jongno-gu,종로구,11,Seoul,서울특별시,0
22,11110123,Seorin-dong,서린동,11110,Jongno-gu,종로구,11,Seoul,서울특별시,46457
23,11110124,Susong-dong,수송동,11110,Jongno-gu,종로구,11,Seoul,서울특별시,0
24,11110125,Junghak-dong,중학동,11110,Jongno-gu,종로구,11,Seoul,서울특별시,11208
25,11110126,Jongno 1(il)-ga,종로1가,11110,Jongno-gu,종로구,11,Seoul,서울특별시,26335
26,11110127,Gongpyeong-dong,공평동,11110,Jongno-gu,종로구,11,Seoul,서울특별시,18086
27,11110128,Gwanhun-dong,관훈동,11110,Jongno-gu,종로구,11,Seoul,서울특별시,0
28,11110129,Gyeonji-dong,견지동,11110,Jongno-gu,종로구,11,Seoul,서울특별시,18388
29,11110130,Waryong-dong,와룡동,11110,Jongno-gu,종로구,11,Seoul,서울특별시,32649
30,11110131,Gwonnong-dong,권농동,11110,Jongno-gu,종로구,11,Seoul,서울특별시,0
31,11110132,Unni-dong,운니동,11110,Jongno-gu,종로구,11,Seoul,서울특별시,18378
32,11110133,Ikseon-dong,익선동,11110,Jongno-gu,종로구,11,Seoul,서울특별시,0
33,11110134,Gyeongun-dong,경운동,11110,Jongno-gu,종로구,11,Seoul,서울특별시,18454
34,11110135,Gwancheol-dong,관철동,11110,Jongno-gu,종로구,11,Seoul,서울특별시,20077
35,11110136,Insa-dong,인사동,11110,Jongno-gu,종로구,11,Seoul,서울특별시,0
36,11110137,Nagwon-dong,낙원동,11110,Jongno-gu,종로구,11,Seoul,서울특별시,18244
37,11110138,Jongno 2(i)-ga,종로2가,11110,Jongno-gu,종로구,11,Seoul,서울특별시,43761
38,11110139,Palpan-dong,팔판동,11110,Jongno-gu,종로구,11,Seoul,서울특별시,2956
39,11110140,Samcheong-dong,삼청동,11110,Jongno-gu,종로구,11,Seoul,서울특별시,13708
40,11110141,Anguk-dong,안국동,11110,Jongno-gu,종로구,11,Seoul,서울특별시,19803
41,11110142,Sogyeok-dong,소격동,11110,Jongno-gu,종로구,11,Seoul,서울특별시,13827
42,11110143,Hwa-dong,화동,11110,Jongno-gu,종로구,11,Seoul,서울특별시,0
43,11110144,Sagan-dong,사간동,11110,Jongno-gu,종로구,11,Seoul,서울특별시,0
44,11110145,Songhyeon-dong,송현동,11110,Jongno-gu,종로구,11,Seoul,서울특별시,0
45,11110146,Gahoe-dong,가회동,11110,Jongno-gu,종로구,11,Seoul,서울특별시,3704
46,11110147,Jae-dong,재동,11110,Jongno-gu,종로구,11,Seoul,서울특별시,12586
47,11110148,Gye-dong,계동,11110,Jongno-gu,종로구,11,Seoul,서울특별시,0
48,11110149,Wonseo-dong,원서동,11110,Jongno-gu,종로구,11,Seoul,서울특별시,13278
49,11110150,Hunjeong-dong,훈정동,11110,Jongno-gu,종로구,11,Seoul,서울특별시,0
50,11110151,Myo-dong,묘동,11110,Jongno-gu,종로구,11,Seoul,서울특별시,33260
51,11110152,Bongik-dong,봉익동,11110,Jongno-gu,종로구,11,Seoul,서울특별시,0
52,11110153,Donui-dong,돈의동,11110,Jongno-gu,종로구,11,Seoul,서울특별시,0
53,11110154,Jangsa-dong,장사동,11110,Jongno-gu,종로구,11,Seoul,서울특별시,0
54,11110155,Gwansu-dong,관수동,11110,Jongno-gu,종로구,11,Seoul,서울특별시,15294
55,11110156,Jongno 3(sam)-ga,종로3가,11110,Jongno-gu,종로구,11,Seoul,서울특별시,54809
56,11110157,Inui-dong,인의동,11110,Jongno-gu,종로구,11,Seoul,서울특별시,30679
57,11110158,Yeji -dong,예지동,11110,Jongno-gu,종로구,11,Seoul,서울특별시,0
58,11110159,Wonnam-dong,원남동,11110,Jongno-gu,종로구,11,Seoul,서울특별시,17271
59,11110160,Yeonji-dong,연지동,11110,Jongno-gu,종로구,11,Seoul,서울특별시,29124
60,11110161,Jongno 4(sa)-ga,종로4가,11110,Jongno-gu,종로구,11,Seoul,서울특별시,32937
61,11110162,Hyoje-dong,효제동,11110,Jongno-gu,종로구,11,Seoul,서울특별시,2046
62,11110163,Jongno 5(o)-ga,종로5가,11110,Jongno-gu,종로구,11,Seoul,서울특별시,60954
63,11110164,Jongno 6(yuk)-ga,종로6가,11110,Jongno-gu,종로구,11,Seoul,서울특별시,46643
64,11110165,Ihwa-dong,이화동,11110,Jongno-gu,종로구,11,Seoul,서울특별시,6932
65,11110166,Yeongeon-dong,연건동,11110,Jongno-gu,종로구,11,Seoul,서울특별시,35487
66,11110167,Chungsin-dong,충신동,11110,Jongno-gu,종로구,11,Seoul,서울특별시,29117
67,11110168,Dongsung-dong,동숭동,11110,Jongno-gu,종로구,11,Seoul,서울특별시,32641
68,11110169,Hyehwa-dong,혜화동,11110,Jongno-gu,종로구,11,Seoul,서울특별시,80077
69,11110170,Myeongnyun 1(il)-ga,명륜1가,11110,Jongno-gu,종로구,11,Seoul,서울특별시,0
70,11110171,Myeongnyun 2(i)-ga,명륜2가,11110,Jongno-gu,종로구,11,Seoul,서울특별시,45305
71,11110172,Myeongnyun 4(sa)-ga,명륜4가,11110,Jongno-gu,종로구,11,Seoul,서울특별시,32813
72,11110173,Myeongnyun 3(sam)-ga,명륜3가,11110,Jongno-gu,종로구,11,Seoul,서울특별시,0
73,11110174,Changsin-dong,창신동,11110,Jongno-gu,종로구,11,Seoul,서울특별시,84135
74,11110175,Sungin-dong,숭인동,11110,Jongno-gu,종로구,11,Seoul,서울특별시,120209
75,11110176,Gyonam-dong,교남동,11110,Jongno-gu,종로구,11,Seoul,서울특별시,0
76,11110177,Pyeong-dong,평동,11110,Jongno-gu,종로구,11,Seoul,서울특별시,13646
77,11110178,Songwol-dong,송월동,11110,Jongno-gu,종로구,11,Seoul,서울특별시,13660
78,11110179,Hongpa-dong,홍파동,11110,Jongno-gu,종로구,11,Seoul,서울특별시,0
79,11110180,Gyobuk-dong,교북동,11110,Jongno-gu,종로구,11,Seoul,서울특별시,13337
80,11110181,Haengchon-dong,행촌동,11110,Jongno-gu,종로구,11,Seoul,서울특별시,0
81,11110182,Gugi-dong,구기동,11110,Jongno-gu,종로구,11,Seoul,서울특별시,4770
82,11110183,Pyeongchang-dong,평창동,11110,Jongno-gu,종로구,11,Seoul,서울특별시,7903
83,11110184,Buam-dong,부암동,11110,Jongno-gu,종로구,11,Seoul,서울특별시,4788
84,11110185,Hongji-dong,홍지동,11110,Jongno-gu,종로구,11,Seoul,서울특별시,7428
85,11110186,Sinyeong-dong,신영동,11110,Jongno-gu,종로구,11,Seoul,서울특별시,2104
86,11110187,Muak-dong,무악동,11110,Jongno-gu,종로구,11,Seoul,서울특별시,25308
87,11140101,Mugyo-dong,무교동,11140,Jung-gu,중구,11,Seoul,서울특별시,0
88,11140102,Da-dong,다동,11140,Jung-gu,중구,11,Seoul,서울특별시,11809
89,11140103,Taepyeongno 1(il)-ga,태평로1가,11140,Jung-gu,중구,11,Seoul,서울특별시,54398
90,11140104,Euljiro 1(il)-ga,을지로1가,11140,Jung-gu,중구,11,Seoul,서울특별시,56320
91,11140105,Euljiro 2(i)-ga,을지로2가,11140,Jung-gu,중구,11,Seoul,서울특별시,57736
92,11140106,Namdaemunno 1(il)-ga,남대문로1가,11140,Jung-gu,중구,11,Seoul,서울특별시,6111
93,11140107,Samgak-dong,삼각동,11140,Jung-gu,중구,11,Seoul,서울특별시,0
94,11140108,Suha-dong,수하동,11140,Jung-gu,중구,11,Seoul,서울특별시,0
95,11140109,Janggyo-dong,장교동,11140,Jung-gu,중구,11,Seoul,서울특별시,24397
96,11140110,Supyo-dong,수표동,11140,Jung-gu,중구,11,Seoul,서울특별시,14213
97,11140111,Sogong-dong,소공동,11140,Jung-gu,중구,11,Seoul,서울특별시,6318
98,11140112,Namchang-dong,남창동,11140,Jung-gu,중구,11,Seoul,서울특별시,1240
99,11140113,Bukchang-dong,북창동,11140,Jung-gu,중구,11,Seoul,서울특별시,0
100,11140114,Taepyeongno 2(i)-ga,태평로2가,11140,Jung-gu,중구,11,Seoul,서울특별시,0
101,11140115,Namdaemunno 2(i)-ga,남대문로2가,11140,Jung-gu,중구,11,Seoul,서울특별시,0
102,11140116,Namdaemunno 3(sam)-ga,남대문로3가,11140,Jung-gu,중구,11,Seoul,서울특별시,16129
103,11140117,Namdaemunno 4(sa)-ga,남대문로4가,11140,Jung-gu,중구,11,Seoul,서울특별시,20717
104,11140118,Namdaemunno 5(o)-ga,남대문로5가,11140,Jung-gu,중구,11,Seoul,서울특별시,19940
105,11140119,Bongnae-dong 1(il)-ga,봉래동1가,11140,Jung-gu,중구,11,Seoul,서울특별시,0
106,11140120,Bongnae-dong 2(i)-ga,봉래동2가,11140,Jung-gu,중구,11,Seoul,서울특별시,28263
107,11140121,Hoehyeon-dong 1(il)-ga,회현동1가,11140,Jung-gu,중구,11,Seoul,서울특별시,8459
108,11140122,Hoehyeon-dong 2(i)-ga,회현동2가,11140,Jung-gu,중구,11,Seoul,서울특별시,8154
109,11140123,Hoehyeon-dong 3(sam)-ga,회현동3가,11140,Jung-gu,중구,11,Seoul,서울특별시,0
110,11140124,Chungmuro 1(il)-ga,충무로1가,11140,Jung-gu,중구,11,Seoul,서울특별시,4756
111,11140125,Chungmuro 2(i)-ga,충무로2가,11140,Jung-gu,중구,11,Seoul,서울특별시,14463
112,11140126,Myeong-dong 1(il)-ga,명동1가,11140,Jung-gu,중구,11,Seoul,서울특별시,0
113,11140127,Myeong-dong 2(i)-ga,명동2가,11140,Jung-gu,중구,11,Seoul,서울특별시,6186
114,11140128,Namsan-dong 1(il)-ga,남산동1가,11140,Jung-gu,중구,11,Seoul,서울특별시,0
115,11140129,Namsan-dong 2(i)-ga,남산동2가,11140,Jung-gu,중구,11,Seoul,서울특별시,0
116,11140130,Namsan-dong 3(sam)-ga,남산동3가,11140,Jung-gu,중구,11,Seoul,서울특별시,0
117,11140131,Jeo-dong 1(il)-ga,저동1가,11140,Jung-gu,중구,11,Seoul,서울특별시,13304
118,11140132,Chungmuro 4(sa)-ga,충무로4가,11140,Jung-gu,중구,11,Seoul,서울특별시,13271
119,11140133,Chungmuro 5(o)-ga,충무로5가,11140,Jung-gu,중구,11,Seoul,서울특별시,18741
120,11140134,Inhyeon-dong 2(i)-ga,인현동2가,11140,Jung-gu,중구,11,Seoul,서울특별시,0
121,11140135,Yegwan-dong,예관동,11140,Jung-gu,중구,11,Seoul,서울특별시,0
122,11140136,Mukjeong-dong,묵정동,11140,Jung-gu,중구,11,Seoul,서울특별시,0
123,11140137,Pil-dong 1(il)-ga,필동1가,11140,Jung-gu,중구,11,Seoul,서울특별시,14277
124,11140138,Pildong 2(i)-ga,필동2가,11140,Jung-gu,중구,11,Seoul,서울특별시,0
125,11140139,Pil-dong 3(sam)-ga,필동3가,11140,Jung-gu,중구,11,Seoul,서울특별시,9652
126,11140140,Namhak-dong,남학동,11140,Jung-gu,중구,11,Seoul,서울특별시,2792
127,11140141,Juja-dong,주자동,11140,Jung-gu,중구,11,Seoul,서울특별시,0
128,11140142,Yejang-dong,예장동,11140,Jung-gu,중구,11,Seoul,서울특별시,0
129,11140143,Jangchung-dong 1(il)-ga,장충동1가,11140,Jung-gu,중구,11,Seoul,서울특별시,0
130,11140144,Jangchung-dong 2(i)-ga,장충동2가,11140,Jung-gu,중구,11,Seoul,서울특별시,23904
131,11140145,Gwanghui-dong 1(il)-ga,광희동1가,11140,Jung-gu,중구,11,Seoul,서울특별시,12776
132,11140146,Gwanghui-dong 2(i)-ga,광희동2가,11140,Jung-gu,중구,11,Seoul,서울특별시,13027
133,11140147,Ssangnim-dong,쌍림동,11140,Jung-gu,중구,11,Seoul,서울특별시,30967
134,11140148,Euljiro 6(yuk)-ga,을지로6가,11140,Jung-gu,중구,11,Seoul,서울특별시,39409
135,11140149,Euljiro 7(chil)-ga,을지로7가,11140,Jung-gu,중구,11,Seoul,서울특별시,39168
136,11140150,Euljiro 4(sa)-ga,을지로4가,11140,Jung-gu,중구,11,Seoul,서울특별시,41857
137,11140151,Euljiro 5(o)-ga,을지로5가,11140,Jung-gu,중구,11,Seoul,서울특별시,17561
138,11140152,Jugyo-dong,주교동,11140,Jung-gu,중구,11,Seoul,서울특별시,0
139,11140153,Bangsan-dong,방산동,11140,Jung-gu,중구,11,Seoul,서울특별시,0
140,11140154,Ojang-dong,오장동,11140,Jung-gu,중구,11,Seoul,서울특별시,0
141,11140155,Euljiro 3(sam)-ga,을지로3가,11140,Jung-gu,중구,11,Seoul,서울특별시,21291
142,11140156,Ipjeong-dong,입정동,11140,Jung-gu,중구,11,Seoul,서울특별시,0
143,11140157,Sallim-dong,산림동,11140,Jung-gu,중구,11,Seoul,서울특별시,0
144,11140158,Chungmuro 3(sam)-ga,충무로3가,11140,Jung-gu,중구,11,Seoul,서울특별시,0
145,11140159,Cho-dong,초동,11140,Jung-gu,중구,11,Seoul,서울특별시,18269
146,11140160,Inhyeon-dong 1(il)-ga,인현동1가,11140,Jung-gu,중구,11,Seoul,서울특별시,0
147,11140161,Jeo-dong 2(i)-ga,저동2가,11140,Jung-gu,중구,11,Seoul,서울특별시,0
148,11140162,Sindang-dong,신당동,11140,Jung-gu,중구,11,Seoul,서울특별시,116936
149,11140163,Heungin-dong,흥인동,11140,Jung-gu,중구,11,Seoul,서울특별시,46057
150,11140164,Muhak-dong,무학동,11140,Jung-gu,중구,11,Seoul,서울특별시,0
151,11140165,Hwanghak-dong,황학동,11140,Jung-gu,중구,11,Seoul,서울특별시,73107
152,11140166,Seosomun-dong,서소문동,11140,Jung-gu,중구,11,Seoul,서울특별시,54668
153,11140167,Jeong-dong,정동,11140,Jung-gu,중구,11,Seoul,서울특별시,0
154,11140168,Sunhwa-dong,순화동,11140,Jung-gu,중구,11,Seoul,서울특별시,23350
155,11140169,Uijuro 1(il)-ga,의주로1가,11140,Jung-gu,중구,11,Seoul,서울특별시,0
156,11140170,Chungjeongno 1(il)-ga,충정로1가,11140,Jung-gu,중구,11,Seoul,서울특별시,13477
157,11140171,Jungnim-dong,중림동,11140,Jung-gu,중구,11,Seoul,서울특별시,25743
158,11140172,Uijuro 2(i)-ga,의주로2가,11140,Jung-gu,중구,11,Seoul,서울특별시,1273
159,11140173,Malli-dong 1(il)-ga,만리동1가,11140,Jung-gu,중구,11,Seoul,서울특별시,4648
160,11140174,Malli-dong 2(i)-ga,만리동2가,11140,Jung-gu,중구,11,Seoul,서울특별시,9866
161,11170101,Huam-dong,후암동,11170,Yongsan-gu,용산구,11,Seoul,서울특별시,29739
162,11170102,yongsan-dong  2(i)-ga,용산동2가,11170,Yongsan-gu,용산구,11,Seoul,서울특별시,19354
163,11170103,Yongsan-dong 4(sa)-ga,용산동4가,11170,Yongsan-gu,용산구,11,Seoul,서울특별시,3932
164,11170104,Garwol-dong,갈월동,11170,Yongsan-gu,용산구,11,Seoul,서울특별시,41387
165,11170105,Namyeong-dong,남영동,11170,Yongsan-gu,용산구,11,Seoul,서울특별시,20592
166,11170106,Yongsan-dong 1(il)-ga,용산동1가,11170,Yongsan-gu,용산구,11,Seoul,서울특별시,14896
167,11170107,Dongja-dong,동자동,11170,Yongsan-gu,용산구,11,Seoul,서울특별시,13801
168,11170108,Seogye-dong,서계동,11170,Yongsan-gu,용산구,11,Seoul,서울특별시,16019
169,11170109,Cheongpa-dong 1(il)-ga,청파동1가,11170,Yongsan-gu,용산구,11,Seoul,서울특별시,9554
170,11170110,Cheongpa-dong 2(i)-ga,청파동2가,11170,Yongsan-gu,용산구,11,Seoul,서울특별시,22417
171,11170111,Cheongpa-dong 3(sam)-ga,청파동3가,11170,Yongsan-gu,용산구,11,Seoul,서울특별시,20978
172,11170112,Wonhyoro 1(iI)-ga,원효로1가,11170,Yongsan-gu,용산구,11,Seoul,서울특별시,0
173,11170113,Wonhyoro 2(i)-ga,원효로2가,11170,Yongsan-gu,용산구,11,Seoul,서울특별시,19826
174,11170114,Sinchang-dong,신창동,11170,Yongsan-gu,용산구,11,Seoul,서울특별시,0
175,11170115,Sancheon-dong,산천동,11170,Yongsan-gu,용산구,11,Seoul,서울특별시,0
176,11170116,Cheongam-dong,청암동,11170,Yongsan-gu,용산구,11,Seoul,서울특별시,12575
177,11170117,Wonhyoro 3(sam)-ga,원효로3가,11170,Yongsan-gu,용산구,11,Seoul,서울특별시,20288
178,11170118,Wonhyoro 4(sa)-ga,원효로4가,11170,Yongsan-gu,용산구,11,Seoul,서울특별시,35869
179,11170119,Hyochang-dong,효창동,11170,Yongsan-gu,용산구,11,Seoul,서울특별시,7862
180,11170120,Dowon-dong,도원동,11170,Yongsan-gu,용산구,11,Seoul,서울특별시,0
181,11170121,Yongmun-dong,용문동,11170,Yongsan-gu,용산구,11,Seoul,서울특별시,26360
182,11170122,Munbae-dong,문배동,11170,Yongsan-gu,용산구,11,Seoul,서울특별시,27179
183,11170123,Singye-dong,신계동,11170,Yongsan-gu,용산구,11,Seoul,서울특별시,0
184,11170124,Hangangno 1(il)-ga,한강로1가,11170,Yongsan-gu,용산구,11,Seoul,서울특별시,59473
185,11170125,Hangangno 2(i)-ga,한강로2가,11170,Yongsan-gu,용산구,11,Seoul,서울특별시,124787
186,11170126,Yongsan-dong 3(sam)-ga,용산동3가,11170,Yongsan-gu,용산구,11,Seoul,서울특별시,0
187,11170127,Yongsan-dong 5(o)-ga,용산동5가,11170,Yongsan-gu,용산구,11,Seoul,서울특별시,16643
188,11170128,Hangangno 3(sam)-ga,한강로3가,11170,Yongsan-gu,용산구,11,Seoul,서울특별시,86462
189,11170129,Ichon-dong,이촌동,11170,Yongsan-gu,용산구,11,Seoul,서울특별시,116879
190,11170130,Itaewon-dong,이태원동,11170,Yongsan-gu,용산구,11,Seoul,서울특별시,28319
191,11170131,Hannam-dong,한남동,11170,Yongsan-gu,용산구,11,Seoul,서울특별시,63607
192,11170132,Dongbinggo-dong,동빙고동,11170,Yongsan-gu,용산구,11,Seoul,서울특별시,7480
193,11170133,Seobinggo-dong,서빙고동,11170,Yongsan-gu,용산구,11,Seoul,서울특별시,39065
194,11170134,Juseong-dong,주성동,11170,Yongsan-gu,용산구,11,Seoul,서울특별시,0
195,11170135,Yongsan-dong 6(yuk)-ga,용산동6가,11170,Yongsan-gu,용산구,11,Seoul,서울특별시,15662
196,11170136,Bogwang-dong,보광동,11170,Yongsan-gu,용산구,11,Seoul,서울특별시,10500
197,11200101,Sangwangsimni-dong,상왕십리동,11200,Seongdong-gu,성동구,11,Seoul,서울특별시,92894
198,11200102,Hawangsimni-dong,하왕십리동,11200,Seongdong-gu,성동구,11,Seoul,서울특별시,48353
199,11200103,Hongik-dong,홍익동,11200,Seongdong-gu,성동구,11,Seoul,서울특별시,45514
200,11200104,Doseon-dong,도선동,11200,Seongdong-gu,성동구,11,Seoul,서울특별시,0
201,11200105,Majang-dong,마장동,11200,Seongdong-gu,성동구,11,Seoul,서울특별시,135053
202,11200106,Sageun-dong,사근동,11200,Seongdong-gu,성동구,11,Seoul,서울특별시,38782
203,11200107,Haengdang-dong,행당동,11200,Seongdong-gu,성동구,11,Seoul,서울특별시,188259
204,11200108,Eungbong-dong,응봉동,11200,Seongdong-gu,성동구,11,Seoul,서울특별시,59416
205,11200109,Geumho-dong1(il)-ga,금호동1가,11200,Seongdong-gu,성동구,11,Seoul,서울특별시,3065
206,11200110,Geumho-dong2(i)-ga,금호동2가,11200,Seongdong-gu,성동구,11,Seoul,서울특별시,14418
207,11200111,Geumho-dong3(sam)-ga,금호동3가,11200,Seongdong-gu,성동구,11,Seoul,서울특별시,4578
208,11200112,Geumho-dong4(sa)-ga,금호동4가,11200,Seongdong-gu,성동구,11,Seoul,서울특별시,33831
209,11200113,Oksu-dong,옥수동,11200,Seongdong-gu,성동구,11,Seoul,서울특별시,57501
210,11200114,Seongsu-dong1(il)-ga,성수동1가,11200,Seongdong-gu,성동구,11,Seoul,서울특별시,344684
211,11200115,Seongsu-dong2(i)-ga,성수동2가,11200,Seongdong-gu,성동구,11,Seoul,서울특별시,425838
212,11200118,Songjeong-dong,송정동,11200,Seongdong-gu,성동구,11,Seoul,서울특별시,109019
213,11200122,Yongdap-dong,용답동,11200,Seongdong-gu,성동구,11,Seoul,서울특별시,127664
214,11215101,Junggok-dong,중곡동,11215,Gwangjin-gu,광진구,11,Seoul,서울특별시,159614
215,11215102,Neung-dong,능동,11215,Gwangjin-gu,광진구,11,Seoul,서울특별시,127753
216,11215103,Guui-dong,구의동,11215,Gwangjin-gu,광진구,11,Seoul,서울특별시,359871
217,11215104,Gwangjang-dong,광장동,11215,Gwangjin-gu,광진구,11,Seoul,서울특별시,98567
218,11215105,Jayang-dong,자양동,11215,Gwangjin-gu,광진구,11,Seoul,서울특별시,766547
219,11215107,Hwayang-dong,화양동,11215,Gwangjin-gu,광진구,11,Seoul,서울특별시,332628
220,11215109,Gunja-dong,군자동,11215,Gwangjin-gu,광진구,11,Seoul,서울특별시,287136
221,11230101,Sinseol-dong,신설동,11230,Dongdaemun-gu,동대문구,11,Seoul,서울특별시,75456
222,11230102,Yongdu-dong,용두동,11230,Dongdaemun-gu,동대문구,11,Seoul,서울특별시,290291
223,11230103,Jegi-dong,제기동,11230,Dongdaemun-gu,동대문구,11,Seoul,서울특별시,105307
224,11230104,Jeonnong-dong,전농동,11230,Dongdaemun-gu,동대문구,11,Seoul,서울특별시,172642
225,11230105,Dapsipni-dong,답십리동,11230,Dongdaemun-gu,동대문구,11,Seoul,서울특별시,219851
226,11230106,Jangan-dong,장안동,11230,Dongdaemun-gu,동대문구,11,Seoul,서울특별시,247134
227,11230107,Cheongnyangni-dong,청량리동,11230,Dongdaemun-gu,동대문구,11,Seoul,서울특별시,124401
228,11230108,Hoegi-dong,회기동,11230,Dongdaemun-gu,동대문구,11,Seoul,서울특별시,16348
229,11230109,Hwigyeong-dong,휘경동,11230,Dongdaemun-gu,동대문구,11,Seoul,서울특별시,171612
230,11230110,Imun-dong,이문동,11230,Dongdaemun-gu,동대문구,11,Seoul,서울특별시,104661
231,11260101,Myeonmok-dong,면목동,11260,Jungnang-gu,중랑구,11,Seoul,서울특별시,309703
232,11260102,Sangbong-dong,상봉동,11260,Jungnang-gu,중랑구,11,Seoul,서울특별시,291858
233,11260103,Junghwa-dong,중화동,11260,Jungnang-gu,중랑구,11,Seoul,서울특별시,186441
234,11260104,Muk-dong,묵동,11260,Jungnang-gu,중랑구,11,Seoul,서울특별시,179351
235,11260105,Mangu-dong,망우동,11260,Jungnang-gu,중랑구,11,Seoul,서울특별시,131129
236,11260106,Sinnae-dong,신내동,11260,Jungnang-gu,중랑구,11,Seoul,서울특별시,185154
237,11290101,Seongbuk-dong,성북동,11290,Seongbuk-gu,성북구,11,Seoul,서울특별시,28746
238,11290102,Seongbuk-dong 1(il)-ga,성북동1가,11290,Seongbuk-gu,성북구,11,Seoul,서울특별시,10318
239,11290103,Donam-dong,돈암동,11290,Seongbuk-gu,성북구,11,Seoul,서울특별시,18086
240,11290104,Dongsomun-dong 1(il)-ga,동소문동1가,11290,Seongbuk-gu,성북구,11,Seoul,서울특별시,19972
241,11290105,Dongsomun-dong 2(i)-ga,동소문동2가,11290,Seongbuk-gu,성북구,11,Seoul,서울특별시,23819
242,11290106,Dongsomun-dong 3(sam)-ga,동소문동3가,11290,Seongbuk-gu,성북구,11,Seoul,서울특별시,8990
243,11290107,Dongsomun-dong 4(sa)-ga,동소문동4가,11290,Seongbuk-gu,성북구,11,Seoul,서울특별시,10173
244,11290108,Dongsomun-dong 5(o)-ga,동소문동5가,11290,Seongbuk-gu,성북구,11,Seoul,서울특별시,18383
245,11290109,Dongsomun-dong 6(yuk)-ga,동소문동6가,11290,Seongbuk-gu,성북구,11,Seoul,서울특별시,20143
246,11290110,Dongsomun-dong 7(chil)-ga,동소문동7가,11290,Seongbuk-gu,성북구,11,Seoul,서울특별시,0
247,11290111,Samseon-dong 1(il)-ga,삼선동1가,11290,Seongbuk-gu,성북구,11,Seoul,서울특별시,0
248,11290112,Samseon-dong 2(i)-ga,삼선동2가,11290,Seongbuk-gu,성북구,11,Seoul,서울특별시,0
249,11290113,Samseon-dong 3(sam)-ga,삼선동3가,11290,Seongbuk-gu,성북구,11,Seoul,서울특별시,0
250,11290114,Samseon-dong 4(sa)-ga,삼선동4가,11290,Seongbuk-gu,성북구,11,Seoul,서울특별시,18127
251,11290115,Samseon-dong 5(o)-ga,삼선동5가,11290,Seongbuk-gu,성북구,11,Seoul,서울특별시,13290
252,11290116,Dongseon-dong 1(il)-ga,동선동1가,11290,Seongbuk-gu,성북구,11,Seoul,서울특별시,6362
253,11290117,Dongseon-dong 2(i)-ga,동선동2가,11290,Seongbuk-gu,성북구,11,Seoul,서울특별시,24909
254,11290118,Dongseon-dong 3(sam)-ga,동선동3가,11290,Seongbuk-gu,성북구,11,Seoul,서울특별시,11617
255,11290119,Dongseon-dong 4(sa)-ga,동선동4가,11290,Seongbuk-gu,성북구,11,Seoul,서울특별시,0
256,11290120,Dongseon-dong 5(o)-ga,동선동5가,11290,Seongbuk-gu,성북구,11,Seoul,서울특별시,0
257,11290121,Anam-dong 1(il)-ga,안암동1가,11290,Seongbuk-gu,성북구,11,Seoul,서울특별시,34973
258,11290122,Anam-dong 2(i)-ga,안암동2가,11290,Seongbuk-gu,성북구,11,Seoul,서울특별시,19123
259,11290123,Anam-dong 3(sam)-ga,안암동3가,11290,Seongbuk-gu,성북구,11,Seoul,서울특별시,29440
260,11290124,Anam-dong 4(sa)-ga,안암동4가,11290,Seongbuk-gu,성북구,11,Seoul,서울특별시,26634
261,11290125,Anam-dong 5(o)-ga,안암동5가,11290,Seongbuk-gu,성북구,11,Seoul,서울특별시,115158
262,11290126,Bomun-dong 4(sa)-ga,보문동4가,11290,Seongbuk-gu,성북구,11,Seoul,서울특별시,0
263,11290127,Bomun-dong 5(o)-ga,보문동5가,11290,Seongbuk-gu,성북구,11,Seoul,서울특별시,0
264,11290128,Bomun-dong 6(yuk)-ga,보문동6가,11290,Seongbuk-gu,성북구,11,Seoul,서울특별시,0
265,11290129,Bomun-dong 7(chil)-ga,보문동7가,11290,Seongbuk-gu,성북구,11,Seoul,서울특별시,0
266,11290130,Bomun-dong 1(il)-ga,보문동1가,11290,Seongbuk-gu,성북구,11,Seoul,서울특별시,18593
267,11290131,Bomun-dong 2(i)-ga,보문동2가,11290,Seongbuk-gu,성북구,11,Seoul,서울특별시,0
268,11290132,Bomun-dong 3(sam)-ga,보문동3가,11290,Seongbuk-gu,성북구,11,Seoul,서울특별시,2702
269,11290133,Jeongneung-dong,정릉동,11290,Seongbuk-gu,성북구,11,Seoul,서울특별시,42945
270,11290134,Gireum-dong,길음동,11290,Seongbuk-gu,성북구,11,Seoul,서울특별시,65844
271,11290135,Jongam-dong,종암동,11290,Seongbuk-gu,성북구,11,Seoul,서울특별시,124080
272,11290136,Hawolgok-dong,하월곡동,11290,Seongbuk-gu,성북구,11,Seoul,서울특별시,132633
273,11290137,Sangwolgok-dong,상월곡동,11290,Seongbuk-gu,성북구,11,Seoul,서울특별시,36552
274,11290138,Jangwi-dong,장위동,11290,Seongbuk-gu,성북구,11,Seoul,서울특별시,97935
275,11290139,Seokgwan-dong,석관동,11290,Seongbuk-gu,성북구,11,Seoul,서울특별시,129682
276,11305101,Mia-dong,미아동,11305,Gangbuk-gu,강북구,11,Seoul,서울특별시,174943
277,11305102,Beon-dong,번동,11305,Gangbuk-gu,강북구,11,Seoul,서울특별시,205935
278,11305103,Suyu-dong,수유동,11305,Gangbuk-gu,강북구,11,Seoul,서울특별시,230835
279,11305104,Ui-dong,우이동,11305,Gangbuk-gu,강북구,11,Seoul,서울특별시,37229
280,11320105,Ssangmun-dong,쌍문동,11320,Dobong-gu,도봉구,11,Seoul,서울특별시,151627
281,11320106,Banghak-dong,방학동,11320,Dobong-gu,도봉구,11,Seoul,서울특별시,203619
282,11320107,Chang-dong,창동,11320,Dobong-gu,도봉구,11,Seoul,서울특별시,468909
283,11320108,Dobong-dong,도봉동,11320,Dobong-gu,도봉구,11,Seoul,서울특별시,126415
284,11350102,Wolgye-dong,월계동,11350,Nowon-gu,노원구,11,Seoul,서울특별시,387384
285,11350103,Gongneung-dong,공릉동,11350,Nowon-gu,노원구,11,Seoul,서울특별시,504952
286,11350104,Hagye-dong,하계동,11350,Nowon-gu,노원구,11,Seoul,서울특별시,227140
287,11350105,Sanggye-dong,상계동,11350,Nowon-gu,노원구,11,Seoul,서울특별시,945511
288,11350106,Junggye-dong,중계동,11350,Nowon-gu,노원구,11,Seoul,서울특별시,617410
289,11380101,Susaek-dong,수색동,11380,Eunpyeong-gu,은평구,11,Seoul,서울특별시,209
290,11380102,Nokbeon-dong,녹번동,11380,Eunpyeong-gu,은평구,11,Seoul,서울특별시,84091
291,11380103,Bulgwang-dong,불광동,11380,Eunpyeong-gu,은평구,11,Seoul,서울특별시,133550
292,11380104,Galhyeon-dong,갈현동,11380,Eunpyeong-gu,은평구,11,Seoul,서울특별시,37084
293,11380105,Gusan-dong,구산동,11380,Eunpyeong-gu,은평구,11,Seoul,서울특별시,51257
294,11380106,Daejo-dong,대조동,11380,Eunpyeong-gu,은평구,11,Seoul,서울특별시,45821
295,11380107,Eungam-dong,응암동,11380,Eunpyeong-gu,은평구,11,Seoul,서울특별시,317219
296,11380108,Yeokchon-dong,역촌동,11380,Eunpyeong-gu,은평구,11,Seoul,서울특별시,154436
297,11380109,Sinsa-dong,신사동,11380,Eunpyeong-gu,은평구,11,Seoul,서울특별시,74184
298,11380110,Jeungsan-dong,증산동,11380,Eunpyeong-gu,은평구,11,Seoul,서울특별시,54425
299,11380114,Jingwan-dong,진관동,11380,Eunpyeong-gu,은평구,11,Seoul,서울특별시,175253
300,11410101,Chungjeongno 2(i)-ga,충정로2가,11410,Seodaemun-gu,서대문구,11,Seoul,서울특별시,17115
301,11410102,Chungjeongno 3(sam)-ga,충정로3가,11410,Seodaemun-gu,서대문구,11,Seoul,서울특별시,23198
302,11410103,Hap-dong,합동,11410,Seodaemun-gu,서대문구,11,Seoul,서울특별시,8962
303,11410104,Migeun-dong,미근동,11410,Seodaemun-gu,서대문구,11,Seoul,서울특별시,17706
304,11410105,Naengcheon-dong,냉천동,11410,Seodaemun-gu,서대문구,11,Seoul,서울특별시,0
305,11410106,Cheonyeon-dong,천연동,11410,Seodaemun-gu,서대문구,11,Seoul,서울특별시,0
306,11410107,Okcheon-dong,옥천동,11410,Seodaemun-gu,서대문구,11,Seoul,서울특별시,0
307,11410108,Yeongcheon-dong,영천동,11410,Seodaemun-gu,서대문구,11,Seoul,서울특별시,0
308,11410109,Hyeonjeo-dong,현저동,11410,Seodaemun-gu,서대문구,11,Seoul,서울특별시,8418
309,11410110,Bugahyeon-dong,북아현동,11410,Seodaemun-gu,서대문구,11,Seoul,서울특별시,30544
310,11410111,Hongje-dong,홍제동,11410,Seodaemun-gu,서대문구,11,Seoul,서울특별시,57209
311,11410112,Daehyeon-dong,대현동,11410,Seodaemun-gu,서대문구,11,Seoul,서울특별시,10908
312,11410113,Daesin-dong,대신동,11410,Seodaemun-gu,서대문구,11,Seoul,서울특별시,13003
313,11410114,Sinchon-dong,신촌동,11410,Seodaemun-gu,서대문구,11,Seoul,서울특별시,9589
314,11410115,Bongwon-dong,봉원동,11410,Seodaemun-gu,서대문구,11,Seoul,서울특별시,0
315,11410116,Changcheon-dong,창천동,11410,Seodaemun-gu,서대문구,11,Seoul,서울특별시,77494
316,11410117,Yeonhui-dong,연희동,11410,Seodaemun-gu,서대문구,11,Seoul,서울특별시,122275
317,11410118,Hongeun-dong,홍은동,11410,Seodaemun-gu,서대문구,11,Seoul,서울특별시,137406
318,11410119,Bukgajwa-dong,북가좌동,11410,Seodaemun-gu,서대문구,11,Seoul,서울특별시,188115
319,11410120,Namgajwa-dong,남가좌동,11410,Seodaemun-gu,서대문구,11,Seoul,서울특별시,163423
320,11440101,Ahyeon-dong,아현동,11440,Mapo-gu,마포구,11,Seoul,서울특별시,41424
321,11440102,Gongdeok-dong,공덕동,11440,Mapo-gu,마포구,11,Seoul,서울특별시,116986
322,11440103,Singongdeok-dong,신공덕동,11440,Mapo-gu,마포구,11,Seoul,서울특별시,1059
323,11440104,Dohwa-dong,도화동,11440,Mapo-gu,마포구,11,Seoul,서울특별시,86797
324,11440105,Yonggang-dong,용강동,11440,Mapo-gu,마포구,11,Seoul,서울특별시,45228
325,11440106,Tojeong-dong,토정동,11440,Mapo-gu,마포구,11,Seoul,서울특별시,0
326,11440107,Mapo-dong,마포동,11440,Mapo-gu,마포구,11,Seoul,서울특별시,0
327,11440108,Daeheung-dong,대흥동,11440,Mapo-gu,마포구,11,Seoul,서울특별시,50409
328,11440109,Yeomni-dong,염리동,11440,Mapo-gu,마포구,11,Seoul,서울특별시,28657
329,11440110,Nogosan-dong,노고산동,11440,Mapo-gu,마포구,11,Seoul,서울특별시,63901
330,11440111,Sinsu-dong,신수동,11440,Mapo-gu,마포구,11,Seoul,서울특별시,41308
331,11440112,Hyeonseok-dong,현석동,11440,Mapo-gu,마포구,11,Seoul,서울특별시,11709
332,11440113,Gusu-dong,구수동,11440,Mapo-gu,마포구,11,Seoul,서울특별시,0
333,11440114,Changjeon-dong,창전동,11440,Mapo-gu,마포구,11,Seoul,서울특별시,60501
334,11440115,Sangsu-dong,상수동,11440,Mapo-gu,마포구,11,Seoul,서울특별시,36288
335,11440116,Hajung-dong,하중동,11440,Mapo-gu,마포구,11,Seoul,서울특별시,0
336,11440117,Sinjeong-dong,신정동,11440,Mapo-gu,마포구,11,Seoul,서울특별시,0
337,11440118,Dangin-dong,당인동,11440,Mapo-gu,마포구,11,Seoul,서울특별시,17338
338,11440120,Seogyo-dong,서교동,11440,Mapo-gu,마포구,11,Seoul,서울특별시,155183
339,11440121,Donggyo-dong,동교동,11440,Mapo-gu,마포구,11,Seoul,서울특별시,178258
340,11440122,Hapjeong-dong,합정동,11440,Mapo-gu,마포구,11,Seoul,서울특별시,118903
341,11440123,Mangwon-dong,망원동,11440,Mapo-gu,마포구,11,Seoul,서울특별시,220192
342,11440124,Yeonnam-dong,연남동,11440,Mapo-gu,마포구,11,Seoul,서울특별시,108665
343,11440125,Seongsan-dong,성산동,11440,Mapo-gu,마포구,11,Seoul,서울특별시,344525
344,11440126,Jung-dong,중동,11440,Mapo-gu,마포구,11,Seoul,서울특별시,18996
345,11440127,Sangam-dong,상암동,11440,Mapo-gu,마포구,11,Seoul,서울특별시,444164
346,11470101,Sinjeong-dong,신정동,11470,Yangcheon-gu,양천구,11,Seoul,서울특별시,1093634
347,11470102,Mok-dong,목동,11470,Yangcheon-gu,양천구,11,Seoul,서울특별시,1213399
348,11470103,Sinwol-dong,신월동,11470,Yangcheon-gu,양천구,11,Seoul,서울특별시,301301
349,11500101,Yeomchang-dong,염창동,11500,Gangseo-gu,강서구,11,Seoul,서울특별시,189481
350,11500102,Deungchon-dong,등촌동,11500,Gangseo-gu,강서구,11,Seoul,서울특별시,662559
351,11500103,Hwagok-dong,화곡동,11500,Gangseo-gu,강서구,11,Seoul,서울특별시,563222
352,11500104,Gayang-dong,가양동,11500,Gangseo-gu,강서구,11,Seoul,서울특별시,362298
353,11500105,Magok-dong,마곡동,11500,Gangseo-gu,강서구,11,Seoul,서울특별시,2441424
354,11500106,Naebalsan-dong,내발산동,11500,Gangseo-gu,강서구,11,Seoul,서울특별시,413987
355,11500107,Oebalsan-dong,외발산동,11500,Gangseo-gu,강서구,11,Seoul,서울특별시,33307
356,11500108,Gonghang-dong,공항동,11500,Gangseo-gu,강서구,11,Seoul,서울특별시,189425
357,11500109,Banghwa-dong,방화동,11500,Gangseo-gu,강서구,11,Seoul,서울특별시,332154
358,11500110,Gaehwa-dong,개화동,11500,Gangseo-gu,강서구,11,Seoul,서울특별시,9356
359,11500111,Gwahae-dong,과해동,11500,Gangseo-gu,강서구,11,Seoul,서울특별시,0
360,11500112,Ogok-dong,오곡동,11500,Gangseo-gu,강서구,11,Seoul,서울특별시,0
361,11500113,Osoe-dong,오쇠동,11500,Gangseo-gu,강서구,11,Seoul,서울특별시,0
362,11530101,Sindorim-dong,신도림동,11530,Guro-gu,구로구,11,Seoul,서울특별시,253018
363,11530102,Guro-dong,구로동,11530,Guro-gu,구로구,11,Seoul,서울특별시,923064
364,11530103,Garibong-dong,가리봉동,11530,Guro-gu,구로구,11,Seoul,서울특별시,14338
365,11530106,Gocheok-dong,고척동,11530,Guro-gu,구로구,11,Seoul,서울특별시,191371
366,11530107,Gaebong-dong,개봉동,11530,Guro-gu,구로구,11,Seoul,서울특별시,176089
367,11530108,Oryu-dong,오류동,11530,Guro-gu,구로구,11,Seoul,서울특별시,86912
368,11530109,Gung-dong,궁동,11530,Guro-gu,구로구,11,Seoul,서울특별시,10044
369,11530110,Onsu-dong,온수동,11530,Guro-gu,구로구,11,Seoul,서울특별시,14980
370,11530111,Cheonwang-dong,천왕동,11530,Guro-gu,구로구,11,Seoul,서울특별시,116177
371,11530112,Hang-dong,항동,11530,Guro-gu,구로구,11,Seoul,서울특별시,42028
372,11545101,Gasan-dong,가산동,11545,Geumcheon-gu,금천구,11,Seoul,서울특별시,379635
373,11545102,Doksan-dong,독산동,11545,Geumcheon-gu,금천구,11,Seoul,서울특별시,312442
374,11545103,Siheung-dong,시흥동,11545,Geumcheon-gu,금천구,11,Seoul,서울특별시,98940
375,11560101,Yeongdeungpo-dong,영등포동,11560,Yeongdeungpo-gu,영등포구,11,Seoul,서울특별시,174377
376,11560102,Yeongdeungpo-dong 1(il)-ga,영등포동1가,11560,Yeongdeungpo-gu,영등포구,11,Seoul,서울특별시,70403
377,11560103,Yeongdeungpo-dong 2(i)-ga,영등포동2가,11560,Yeongdeungpo-gu,영등포구,11,Seoul,서울특별시,36009
378,11560104,Yeongdeungpo-dong 3(sam)-ga,영등포동3가,11560,Yeongdeungpo-gu,영등포구,11,Seoul,서울특별시,9093
379,11560105,Yeongdeungpo-dong 4(sa)-ga,영등포동4가,11560,Yeongdeungpo-gu,영등포구,11,Seoul,서울특별시,114182
380,11560106,Yeongdeungpo-dong 5(o)-ga,영등포동5가,11560,Yeongdeungpo-gu,영등포구,11,Seoul,서울특별시,0
381,11560107,Yeongdeungpo-dong 6(yuk)-ga,영등포동6가,11560,Yeongdeungpo-gu,영등포구,11,Seoul,서울특별시,0
382,11560108,Yeongdeungpo-dong 7(chil)-ga,영등포동7가,11560,Yeongdeungpo-gu,영등포구,11,Seoul,서울특별시,109375
383,11560109,Yeongdeungpo-dong 8(pal)-ga,영등포동8가,11560,Yeongdeungpo-gu,영등포구,11,Seoul,서울특별시,82097
384,11560110,Yeouido-dong,여의도동,11560,Yeongdeungpo-gu,영등포구,11,Seoul,서울특별시,939735
385,11560111,Dangsan-dong 1(il)-ga,당산동1가,11560,Yeongdeungpo-gu,영등포구,11,Seoul,서울특별시,22040
386,11560112,Dangsan-dong 2(i)-ga,당산동2가,11560,Yeongdeungpo-gu,영등포구,11,Seoul,서울특별시,44769
387,11560113,Dangsan-dong 3(sam)-ga,당산동3가,11560,Yeongdeungpo-gu,영등포구,11,Seoul,서울특별시,130644
388,11560114,Dangsan-dong 4(sa)-ga,당산동4가,11560,Yeongdeungpo-gu,영등포구,11,Seoul,서울특별시,211054
389,11560115,Dangsan-dong 5(o)-ga,당산동5가,11560,Yeongdeungpo-gu,영등포구,11,Seoul,서울특별시,145681
390,11560116,Dangsan-dong 6(yuk)-ga,당산동6가,11560,Yeongdeungpo-gu,영등포구,11,Seoul,서울특별시,71843
391,11560117,Dangsan-dong,당산동,11560,Yeongdeungpo-gu,영등포구,11,Seoul,서울특별시,62509
392,11560118,Dorim-dong,도림동,11560,Yeongdeungpo-gu,영등포구,11,Seoul,서울특별시,88718
393,11560119,Mullae-dong 1(il)-ga,문래동1가,11560,Yeongdeungpo-gu,영등포구,11,Seoul,서울특별시,0
394,11560120,Mullae-dong 2(i)-ga,문래동2가,11560,Yeongdeungpo-gu,영등포구,11,Seoul,서울특별시,0
395,11560121,Mullae-dong 3(sam)-ga,문래동3가,11560,Yeongdeungpo-gu,영등포구,11,Seoul,서울특별시,151867
396,11560122,Mullae-dong 4(sa)-ga,문래동4가,11560,Yeongdeungpo-gu,영등포구,11,Seoul,서울특별시,37932
397,11560123,Mullae-dong 5(o)-ga,문래동5가,11560,Yeongdeungpo-gu,영등포구,11,Seoul,서울특별시,47642
398,11560124,Mullae-dong 6(yuk)-ga,문래동6가,11560,Yeongdeungpo-gu,영등포구,11,Seoul,서울특별시,135527
399,11560125,Yangpyeong-dong 1(il)-ga,양평동1가,11560,Yeongdeungpo-gu,영등포구,11,Seoul,서울특별시,85696
400,11560126,Yangpyeong-dong 2(i)-ga,양평동2가,11560,Yeongdeungpo-gu,영등포구,11,Seoul,서울특별시,35132
401,11560127,Yangpyeong-dong 3(sam)-ga,양평동3가,11560,Yeongdeungpo-gu,영등포구,11,Seoul,서울특별시,164620
402,11560128,Yangpyeong-dong 4(sa)-ga,양평동4가,11560,Yeongdeungpo-gu,영등포구,11,Seoul,서울특별시,99106
403,11560129,Yangpyeong-dong 5(o)-ga,양평동5가,11560,Yeongdeungpo-gu,영등포구,11,Seoul,서울특별시,57182
404,11560130,Yangpyeong-dong 6(yuk)-ga,양평동6가,11560,Yeongdeungpo-gu,영등포구,11,Seoul,서울특별시,27811
405,11560131,Yanghwa-dong,양화동,11560,Yeongdeungpo-gu,영등포구,11,Seoul,서울특별시,0
406,11560132,Singil-dong,신길동,11560,Yeongdeungpo-gu,영등포구,11,Seoul,서울특별시,379259
407,11560133,Daerim-dong,대림동,11560,Yeongdeungpo-gu,영등포구,11,Seoul,서울특별시,129939
408,11560134,Yangpyeong-dong,양평동,11560,Yeongdeungpo-gu,영등포구,11,Seoul,서울특별시,0
409,11590101,Noryangjin-dong,노량진동,11590,Dongjak-gu,동작구,11,Seoul,서울특별시,148516
410,11590102,Sangdo-dong,상도동,11590,Dongjak-gu,동작구,11,Seoul,서울특별시,54231
411,11590103,Sangdo 1(il)-dong,상도1동,11590,Dongjak-gu,동작구,11,Seoul,서울특별시,14188
412,11590104,Bon-dong,본동,11590,Dongjak-gu,동작구,11,Seoul,서울특별시,57680
413,11590105,Heukseok-dong,흑석동,11590,Dongjak-gu,동작구,11,Seoul,서울특별시,65065
414,11590106,Dongjak-dong,동작동,11590,Dongjak-gu,동작구,11,Seoul,서울특별시,22679
415,11590107,Sadang-dong,사당동,11590,Dongjak-gu,동작구,11,Seoul,서울특별시,166182
416,11590108,Daebang-dong,대방동,11590,Dongjak-gu,동작구,11,Seoul,서울특별시,134927
417,11590109,Sindaebang-dong,신대방동,11590,Dongjak-gu,동작구,11,Seoul,서울특별시,260435
418,11620101,Bongcheon-dong,봉천동,11620,Gwanak-gu,관악구,11,Seoul,서울특별시,415343
419,11620102,Sillim-dong,신림동,11620,Gwanak-gu,관악구,11,Seoul,서울특별시,640963
420,11620103,Namhyeon-dong,남현동,11620,Gwanak-gu,관악구,11,Seoul,서울특별시,30676
421,11650101,Bangbae-dong,방배동,11650,Seocho-gu,서초구,11,Seoul,서울특별시,263622
422,11650102,Yangjae-dong,양재동,11650,Seocho-gu,서초구,11,Seoul,서울특별시,246859
423,11650103,Umyeon-dong,우면동,11650,Seocho-gu,서초구,11,Seoul,서울특별시,63931
424,11650104,Wonji-dong,원지동,11650,Seocho-gu,서초구,11,Seoul,서울특별시,5367
425,11650106,Jamwon-dong,잠원동,11650,Seocho-gu,서초구,11,Seoul,서울특별시,241355
426,11650107,Banpo-dong,반포동,11650,Seocho-gu,서초구,11,Seoul,서울특별시,183338
427,11650108,Seocho-dong,서초동,11650,Seocho-gu,서초구,11,Seoul,서울특별시,240539
428,11650109,Naegok-dong,내곡동,11650,Seocho-gu,서초구,11,Seoul,서울특별시,22006
429,11650110,Yeomgok-dong,염곡동,11650,Seocho-gu,서초구,11,Seoul,서울특별시,14250
430,11650111,Sinwon-dong,신원동,11650,Seocho-gu,서초구,11,Seoul,서울특별시,35391
431,11680101,Yeoksam-dong,역삼동,11680,Gangnam-gu,강남구,11,Seoul,서울특별시,206598
432,11680103,Gaepo-dong,개포동,11680,Gangnam-gu,강남구,11,Seoul,서울특별시,182411
433,11680104,Cheongdam-dong,청담동,11680,Gangnam-gu,강남구,11,Seoul,서울특별시,44432
434,11680105,Samseong-dong,삼성동,11680,Gangnam-gu,강남구,11,Seoul,서울특별시,141543
435,11680106,Daechi-dong,대치동,11680,Gangnam-gu,강남구,11,Seoul,서울특별시,204988
436,11680107,Sinsa-dong,신사동,11680,Gangnam-gu,강남구,11,Seoul,서울특별시,83749
437,11680108,Nonhyeon-dong,논현동,11680,Gangnam-gu,강남구,11,Seoul,서울특별시,85208
438,11680110,Apgujeong-dong,압구정동,11680,Gangnam-gu,강남구,11,Seoul,서울특별시,64711
439,11680111,Segok-dong,세곡동,11680,Gangnam-gu,강남구,11,Seoul,서울특별시,23292
440,11680112,Jagok-dong,자곡동,11680,Gangnam-gu,강남구,11,Seoul,서울특별시,74261
441,11680113,Yulhyeon-dong,율현동,11680,Gangnam-gu,강남구,11,Seoul,서울특별시,21855
442,11680114,Irwon-dong,일원동,11680,Gangnam-gu,강남구,11,Seoul,서울특별시,91436
443,11680115,Suseo-dong,수서동,11680,Gangnam-gu,강남구,11,Seoul,서울특별시,72429
444,11680118,Dogok-dong,도곡동,11680,Gangnam-gu,강남구,11,Seoul,서울특별시,119536
445,11710101,Jamsil-dong,잠실동,11710,Songpa-gu,송파구,11,Seoul,서울특별시,650531
446,11710102,Sincheon-dong,신천동,11710,Songpa-gu,송파구,11,Seoul,서울특별시,535876
447,11710103,Pungnap-dong,풍납동,11710,Songpa-gu,송파구,11,Seoul,서울특별시,289485
448,11710104,Songpa-dong,송파동,11710,Songpa-gu,송파구,11,Seoul,서울특별시,220339
449,11710105,Seokchon-dong,석촌동,11710,Songpa-gu,송파구,11,Seoul,서울특별시,168266
450,11710106,Samjeon-dong,삼전동,11710,Songpa-gu,송파구,11,Seoul,서울특별시,110923
451,11710107,Garak-dong,가락동,11710,Songpa-gu,송파구,11,Seoul,서울특별시,328596
452,11710108,Munjeong-dong,문정동,11710,Songpa-gu,송파구,11,Seoul,서울특별시,411134
453,11710109,Jangji-dong,장지동,11710,Songpa-gu,송파구,11,Seoul,서울특별시,193045
454,11710111,Bangi-dong,방이동,11710,Songpa-gu,송파구,11,Seoul,서울특별시,651118
455,11710112,Ogeum-dong,오금동,11710,Songpa-gu,송파구,11,Seoul,서울특별시,167483
456,11710113,Geoyeo-dong,거여동,11710,Songpa-gu,송파구,11,Seoul,서울특별시,196962
457,11710114,Macheon-dong,마천동,11710,Songpa-gu,송파구,11,Seoul,서울특별시,53372
458,11740101,Myeongil-dong,명일동,11740,Gangdong-gu,강동구,11,Seoul,서울특별시,137136
459,11740102,Godeok-dong,고덕동,11740,Gangdong-gu,강동구,11,Seoul,서울특별시,94967
460,11740103,Sangil-dong,상일동,11740,Gangdong-gu,강동구,11,Seoul,서울특별시,154543
461,11740105,Gil-dong,길동,11740,Gangdong-gu,강동구,11,Seoul,서울특별시,172916
462,11740106,Dunchon-dong,둔촌동,11740,Gangdong-gu,강동구,11,Seoul,서울특별시,147694
463,11740107,Amsa-dong,암사동,11740,Gangdong-gu,강동구,11,Seoul,서울특별시,143671
464,11740108,Seongnae-dong,성내동,11740,Gangdong-gu,강동구,11,Seoul,서울특별시,618018
465,11740109,Cheonho-dong,천호동,11740,Gangdong-gu,강동구,11,Seoul,서울특별시,359920
466,11740110,Gangil-dong,강일동,11740,Gangdong-gu,강동구,11,Seoul,서울특별시,93951
