field_1,EMD_CD,EMD_ENG_NM,EMD_KOR_NM,SIG_CD,SIG_ENG_NM,SIG_KOR_NM,CTPRVN_CD,CTP_ENG_NM,CTP_KOR_NM,반납건수,대여건수,버스정류장수,자전거도로길이,자전거도로수,지하철역수
0,11110101,Cheongun-dong,청운동,11110,Jongno-gu,종로구,11,Seoul,서울특별시,8441,8441,8,0.0,0,0
1,11110102,Singyo-dong,신교동,11110,Jongno-gu,종로구,11,Seoul,서울특별시,0,0,0,0.0,0,0
2,11110103,Gungjeong-dong,궁정동,11110,Jongno-gu,종로구,11,Seoul,서울특별시,0,0,0,0.0,0,0
3,11110104,Hyoja-dong,효자동,11110,Jongno-gu,종로구,11,Seoul,서울특별시,12006,12006,2,0.0,0,0
4,11110105,Changseong-dong,창성동,11110,Jongno-gu,종로구,11,Seoul,서울특별시,16247,16247,1,290.058108298734,5,0
5,11110106,Tongui-dong,통의동,11110,Jongno-gu,종로구,11,Seoul,서울특별시,0,0,2,330.59518762034,5,0
6,11110107,Jeokseon-dong,적선동,11110,Jongno-gu,종로구,11,Seoul,서울특별시,29170,29170,0,89.0889616844052,3,1
7,11110108,Tongin-dong,통인동,11110,Jongno-gu,종로구,11,Seoul,서울특별시,0,0,5,0.0,0,0
8,11110109,Nusang-dong,누상동,11110,Jongno-gu,종로구,11,Seoul,서울특별시,0,0,1,0.0,0,0
9,11110110,Nuha-dong,누하동,11110,Jongno-gu,종로구,11,Seoul,서울특별시,0,0,3,0.0,0,0
10,11110111,Ogin-dong,옥인동,11110,Jongno-gu,종로구,11,Seoul,서울특별시,0,0,2,0.0,0,0
11,11110112,Chebu-dong,체부동,11110,Jongno-gu,종로구,11,Seoul,서울특별시,0,0,1,0.0,0,0
12,11110113,Pirun-dong,필운동,11110,Jongno-gu,종로구,11,Seoul,서울특별시,0,0,0,0.0,0,0
13,11110114,Naeja-dong,내자동,11110,Jongno-gu,종로구,11,Seoul,서울특별시,25953,25953,4,0.0,0,0
14,11110115,Sajik-dong,사직동,11110,Jongno-gu,종로구,11,Seoul,서울특별시,19208,19208,10,0.0,0,0
15,11110116,Doryeom-dong,도렴동,11110,Jongno-gu,종로구,11,Seoul,서울특별시,0,0,0,0.0,0,0
16,11110117,Dangju-dong,당주동,11110,Jongno-gu,종로구,11,Seoul,서울특별시,34860,34860,0,0.0,0,0
17,11110118,Naesu-dong,내수동,11110,Jongno-gu,종로구,11,Seoul,서울특별시,12168,12168,0,0.0,0,0
18,11110119,Sejongno,세종로,11110,Jongno-gu,종로구,11,Seoul,서울특별시,78057,78057,15,1450.0126590036,18,1
19,11110120,Sinmunno 1(il)-ga,신문로1가,11110,Jongno-gu,종로구,11,Seoul,서울특별시,40721,40721,4,0.0,0,0
20,11110121,Sinmunno 2(i)-ga,신문로2가,11110,Jongno-gu,종로구,11,Seoul,서울특별시,18302,18302,3,0.0,0,0
21,11110122,Cheongjin-dong,청진동,11110,Jongno-gu,종로구,11,Seoul,서울특별시,0,0,0,0.0,0,0
22,11110123,Seorin-dong,서린동,11110,Jongno-gu,종로구,11,Seoul,서울특별시,46457,46457,2,0.0,0,0
23,11110124,Susong-dong,수송동,11110,Jongno-gu,종로구,11,Seoul,서울특별시,0,0,0,0.0,0,0
24,11110125,Junghak-dong,중학동,11110,Jongno-gu,종로구,11,Seoul,서울특별시,11208,11208,1,70.7253430336023,1,0
25,11110126,Jongno 1(il)-ga,종로1가,11110,Jongno-gu,종로구,11,Seoul,서울특별시,26335,26335,4,0.0,0,1
26,11110127,Gongpyeong-dong,공평동,11110,Jongno-gu,종로구,11,Seoul,서울특별시,18086,18086,2,0.0,0,0
27,11110128,Gwanhun-dong,관훈동,11110,Jongno-gu,종로구,11,Seoul,서울특별시,0,0,1,0.0,0,0
28,11110129,Gyeonji-dong,견지동,11110,Jongno-gu,종로구,11,Seoul,서울특별시,18388,18388,5,0.0,0,0
29,11110130,Waryong-dong,와룡동,11110,Jongno-gu,종로구,11,Seoul,서울특별시,32649,32649,4,648.298009204362,6,0
30,11110131,Gwonnong-dong,권농동,11110,Jongno-gu,종로구,11,Seoul,서울특별시,0,0,1,0.0,0,0
31,11110132,Unni-dong,운니동,11110,Jongno-gu,종로구,11,Seoul,서울특별시,18378,18378,5,104.806131321747,1,0
32,11110133,Ikseon-dong,익선동,11110,Jongno-gu,종로구,11,Seoul,서울특별시,0,0,0,0.0,0,0
33,11110134,Gyeongun-dong,경운동,11110,Jongno-gu,종로구,11,Seoul,서울특별시,18454,18454,4,0.0,0,1
34,11110135,Gwancheol-dong,관철동,11110,Jongno-gu,종로구,11,Seoul,서울특별시,20077,20077,4,0.0,0,0
35,11110136,Insa-dong,인사동,11110,Jongno-gu,종로구,11,Seoul,서울특별시,0,0,2,0.0,0,0
36,11110137,Nagwon-dong,낙원동,11110,Jongno-gu,종로구,11,Seoul,서울특별시,18244,18244,1,0.0,0,0
37,11110138,Jongno 2(i)-ga,종로2가,11110,Jongno-gu,종로구,11,Seoul,서울특별시,43761,43761,7,0.0,0,0
38,11110139,Palpan-dong,팔판동,11110,Jongno-gu,종로구,11,Seoul,서울특별시,2956,2956,2,299.817284717479,6,0
39,11110140,Samcheong-dong,삼청동,11110,Jongno-gu,종로구,11,Seoul,서울특별시,13708,13708,7,0.0,0,0
40,11110141,Anguk-dong,안국동,11110,Jongno-gu,종로구,11,Seoul,서울특별시,19803,19803,4,247.73148267983,3,0
41,11110142,Sogyeok-dong,소격동,11110,Jongno-gu,종로구,11,Seoul,서울특별시,13827,13827,1,363.403776651866,9,0
42,11110143,Hwa-dong,화동,11110,Jongno-gu,종로구,11,Seoul,서울특별시,0,0,1,0.0,0,0
43,11110144,Sagan-dong,사간동,11110,Jongno-gu,종로구,11,Seoul,서울특별시,0,0,1,251.752031855995,3,0
44,11110145,Songhyeon-dong,송현동,11110,Jongno-gu,종로구,11,Seoul,서울특별시,0,0,1,211.040382849692,4,0
45,11110146,Gahoe-dong,가회동,11110,Jongno-gu,종로구,11,Seoul,서울특별시,3704,3704,8,0.0,0,0
46,11110147,Jae-dong,재동,11110,Jongno-gu,종로구,11,Seoul,서울특별시,12586,12586,4,95.7258550817563,4,0
47,11110148,Gye-dong,계동,11110,Jongno-gu,종로구,11,Seoul,서울특별시,0,0,6,105.968588156061,2,0
48,11110149,Wonseo-dong,원서동,11110,Jongno-gu,종로구,11,Seoul,서울특별시,13278,13278,3,0.0,0,0
49,11110150,Hunjeong-dong,훈정동,11110,Jongno-gu,종로구,11,Seoul,서울특별시,0,0,0,0.0,0,0
50,11110151,Myo-dong,묘동,11110,Jongno-gu,종로구,11,Seoul,서울특별시,33260,33260,1,0.0,0,1
51,11110152,Bongik-dong,봉익동,11110,Jongno-gu,종로구,11,Seoul,서울특별시,0,0,0,0.0,0,0
52,11110153,Donui-dong,돈의동,11110,Jongno-gu,종로구,11,Seoul,서울특별시,0,0,0,0.0,0,1
53,11110154,Jangsa-dong,장사동,11110,Jongno-gu,종로구,11,Seoul,서울특별시,0,0,1,0.0,0,0
54,11110155,Gwansu-dong,관수동,11110,Jongno-gu,종로구,11,Seoul,서울특별시,15294,15294,1,0.0,0,0
55,11110156,Jongno 3(sam)-ga,종로3가,11110,Jongno-gu,종로구,11,Seoul,서울특별시,54809,54809,6,0.0,0,1
56,11110157,Inui-dong,인의동,11110,Jongno-gu,종로구,11,Seoul,서울특별시,30679,30679,2,0.0,0,0
57,11110158,Yeji -dong,예지동,11110,Jongno-gu,종로구,11,Seoul,서울특별시,0,0,3,0.0,0,0
58,11110159,Wonnam-dong,원남동,11110,Jongno-gu,종로구,11,Seoul,서울특별시,17271,17271,4,345.619607262226,2,0
59,11110160,Yeonji-dong,연지동,11110,Jongno-gu,종로구,11,Seoul,서울특별시,29124,29124,1,0.0,0,0
60,11110161,Jongno 4(sa)-ga,종로4가,11110,Jongno-gu,종로구,11,Seoul,서울특별시,32937,32937,6,0.0,0,0
61,11110162,Hyoje-dong,효제동,11110,Jongno-gu,종로구,11,Seoul,서울특별시,2046,2046,3,0.0,0,0
62,11110163,Jongno 5(o)-ga,종로5가,11110,Jongno-gu,종로구,11,Seoul,서울특별시,60954,60954,7,0.0,0,1
63,11110164,Jongno 6(yuk)-ga,종로6가,11110,Jongno-gu,종로구,11,Seoul,서울특별시,46643,46643,4,0.0,0,1
64,11110165,Ihwa-dong,이화동,11110,Jongno-gu,종로구,11,Seoul,서울특별시,6932,6932,2,27.0028514447878,1,0
65,11110166,Yeongeon-dong,연건동,11110,Jongno-gu,종로구,11,Seoul,서울특별시,35487,35487,15,1490.70990591452,15,0
66,11110167,Chungsin-dong,충신동,11110,Jongno-gu,종로구,11,Seoul,서울특별시,29117,29117,3,0.0,0,0
67,11110168,Dongsung-dong,동숭동,11110,Jongno-gu,종로구,11,Seoul,서울특별시,32641,32641,3,643.957809265489,5,1
68,11110169,Hyehwa-dong,혜화동,11110,Jongno-gu,종로구,11,Seoul,서울특별시,80077,80077,9,776.909801818502,8,0
69,11110170,Myeongnyun 1(il)-ga,명륜1가,11110,Jongno-gu,종로구,11,Seoul,서울특별시,0,0,6,0.0,0,0
70,11110171,Myeongnyun 2(i)-ga,명륜2가,11110,Jongno-gu,종로구,11,Seoul,서울특별시,45305,45305,5,597.464940708114,13,0
71,11110172,Myeongnyun 4(sa)-ga,명륜4가,11110,Jongno-gu,종로구,11,Seoul,서울특별시,32813,32813,2,453.360438131991,9,0
72,11110173,Myeongnyun 3(sam)-ga,명륜3가,11110,Jongno-gu,종로구,11,Seoul,서울특별시,0,0,15,0.0,0,0
73,11110174,Changsin-dong,창신동,11110,Jongno-gu,종로구,11,Seoul,서울특별시,84135,84135,14,0.0,0,3
74,11110175,Sungin-dong,숭인동,11110,Jongno-gu,종로구,11,Seoul,서울특별시,120209,120209,20,0.0,0,1
75,11110176,Gyonam-dong,교남동,11110,Jongno-gu,종로구,11,Seoul,서울특별시,0,0,4,0.0,0,0
76,11110177,Pyeong-dong,평동,11110,Jongno-gu,종로구,11,Seoul,서울특별시,13646,13646,6,0.0,0,0
77,11110178,Songwol-dong,송월동,11110,Jongno-gu,종로구,11,Seoul,서울특별시,13660,13660,1,0.0,0,0
78,11110179,Hongpa-dong,홍파동,11110,Jongno-gu,종로구,11,Seoul,서울특별시,0,0,1,0.0,0,0
79,11110180,Gyobuk-dong,교북동,11110,Jongno-gu,종로구,11,Seoul,서울특별시,13337,13337,6,0.0,0,0
80,11110181,Haengchon-dong,행촌동,11110,Jongno-gu,종로구,11,Seoul,서울특별시,0,0,4,0.0,0,0
81,11110182,Gugi-dong,구기동,11110,Jongno-gu,종로구,11,Seoul,서울특별시,4770,4770,18,0.0,0,0
82,11110183,Pyeongchang-dong,평창동,11110,Jongno-gu,종로구,11,Seoul,서울특별시,7903,7903,36,0.0,0,0
83,11110184,Buam-dong,부암동,11110,Jongno-gu,종로구,11,Seoul,서울특별시,4788,4788,9,0.0,0,0
84,11110185,Hongji-dong,홍지동,11110,Jongno-gu,종로구,11,Seoul,서울특별시,7428,7428,19,0.0,0,0
85,11110186,Sinyeong-dong,신영동,11110,Jongno-gu,종로구,11,Seoul,서울특별시,2104,2104,6,0.0,0,0
86,11110187,Muak-dong,무악동,11110,Jongno-gu,종로구,11,Seoul,서울특별시,25308,25308,4,0.0,0,0
87,11140101,Mugyo-dong,무교동,11140,Jung-gu,중구,11,Seoul,서울특별시,0,0,0,0.0,0,0
88,11140102,Da-dong,다동,11140,Jung-gu,중구,11,Seoul,서울특별시,11809,11809,0,0.0,0,0
89,11140103,Taepyeongno 1(il)-ga,태평로1가,11140,Jung-gu,중구,11,Seoul,서울특별시,54398,54398,7,0.0,0,0
90,11140104,Euljiro 1(il)-ga,을지로1가,11140,Jung-gu,중구,11,Seoul,서울특별시,56320,56320,4,0.0,0,1
91,11140105,Euljiro 2(i)-ga,을지로2가,11140,Jung-gu,중구,11,Seoul,서울특별시,57736,57736,3,0.0,0,0
92,11140106,Namdaemunno 1(il)-ga,남대문로1가,11140,Jung-gu,중구,11,Seoul,서울특별시,6111,6111,3,0.0,0,0
93,11140107,Samgak-dong,삼각동,11140,Jung-gu,중구,11,Seoul,서울특별시,0,0,1,0.0,0,0
94,11140108,Suha-dong,수하동,11140,Jung-gu,중구,11,Seoul,서울특별시,0,0,0,0.0,0,0
95,11140109,Janggyo-dong,장교동,11140,Jung-gu,중구,11,Seoul,서울특별시,24397,24397,0,0.0,0,0
96,11140110,Supyo-dong,수표동,11140,Jung-gu,중구,11,Seoul,서울특별시,14213,14213,1,0.0,0,0
97,11140111,Sogong-dong,소공동,11140,Jung-gu,중구,11,Seoul,서울특별시,6318,6318,2,0.0,0,0
98,11140112,Namchang-dong,남창동,11140,Jung-gu,중구,11,Seoul,서울특별시,1240,1240,7,0.0,0,1
99,11140113,Bukchang-dong,북창동,11140,Jung-gu,중구,11,Seoul,서울특별시,0,0,0,0.0,0,0
100,11140114,Taepyeongno 2(i)-ga,태평로2가,11140,Jung-gu,중구,11,Seoul,서울특별시,0,0,8,0.0,0,0
101,11140115,Namdaemunno 2(i)-ga,남대문로2가,11140,Jung-gu,중구,11,Seoul,서울특별시,0,0,7,0.0,0,0
102,11140116,Namdaemunno 3(sam)-ga,남대문로3가,11140,Jung-gu,중구,11,Seoul,서울특별시,16129,16129,3,0.0,0,0
103,11140117,Namdaemunno 4(sa)-ga,남대문로4가,11140,Jung-gu,중구,11,Seoul,서울특별시,20717,20717,2,0.0,0,0
104,11140118,Namdaemunno 5(o)-ga,남대문로5가,11140,Jung-gu,중구,11,Seoul,서울특별시,19940,19940,11,0.0,0,0
105,11140119,Bongnae-dong 1(il)-ga,봉래동1가,11140,Jung-gu,중구,11,Seoul,서울특별시,0,0,3,0.0,0,0
106,11140120,Bongnae-dong 2(i)-ga,봉래동2가,11140,Jung-gu,중구,11,Seoul,서울특별시,28263,28263,9,0.0,0,3
107,11140121,Hoehyeon-dong 1(il)-ga,회현동1가,11140,Jung-gu,중구,11,Seoul,서울특별시,8459,8459,3,0.0,0,0
108,11140122,Hoehyeon-dong 2(i)-ga,회현동2가,11140,Jung-gu,중구,11,Seoul,서울특별시,8154,8154,3,0.0,0,0
109,11140123,Hoehyeon-dong 3(sam)-ga,회현동3가,11140,Jung-gu,중구,11,Seoul,서울특별시,0,0,0,0.0,0,0
110,11140124,Chungmuro 1(il)-ga,충무로1가,11140,Jung-gu,중구,11,Seoul,서울특별시,4756,4756,2,0.0,0,0
111,11140125,Chungmuro 2(i)-ga,충무로2가,11140,Jung-gu,중구,11,Seoul,서울특별시,14463,14463,2,0.0,0,1
112,11140126,Myeong-dong 1(il)-ga,명동1가,11140,Jung-gu,중구,11,Seoul,서울특별시,0,0,0,0.0,0,0
113,11140127,Myeong-dong 2(i)-ga,명동2가,11140,Jung-gu,중구,11,Seoul,서울특별시,6186,6186,0,0.0,0,0
114,11140128,Namsan-dong 1(il)-ga,남산동1가,11140,Jung-gu,중구,11,Seoul,서울특별시,0,0,1,0.0,0,0
115,11140129,Namsan-dong 2(i)-ga,남산동2가,11140,Jung-gu,중구,11,Seoul,서울특별시,0,0,0,0.0,0,0
116,11140130,Namsan-dong 3(sam)-ga,남산동3가,11140,Jung-gu,중구,11,Seoul,서울특별시,0,0,0,0.0,0,0
117,11140131,Jeo-dong 1(il)-ga,저동1가,11140,Jung-gu,중구,11,Seoul,서울특별시,13304,13304,3,0.0,0,0
118,11140132,Chungmuro 4(sa)-ga,충무로4가,11140,Jung-gu,중구,11,Seoul,서울특별시,13271,13271,2,0.0,0,0
119,11140133,Chungmuro 5(o)-ga,충무로5가,11140,Jung-gu,중구,11,Seoul,서울특별시,18741,18741,1,0.0,0,0
120,11140134,Inhyeon-dong 2(i)-ga,인현동2가,11140,Jung-gu,중구,11,Seoul,서울특별시,0,0,0,0.0,0,0
121,11140135,Yegwan-dong,예관동,11140,Jung-gu,중구,11,Seoul,서울특별시,0,0,1,0.0,0,0
122,11140136,Mukjeong-dong,묵정동,11140,Jung-gu,중구,11,Seoul,서울특별시,0,0,1,0.0,0,0
123,11140137,Pil-dong 1(il)-ga,필동1가,11140,Jung-gu,중구,11,Seoul,서울특별시,14277,14277,4,0.0,0,0
124,11140138,Pildong 2(i)-ga,필동2가,11140,Jung-gu,중구,11,Seoul,서울특별시,0,0,1,0.0,0,2
125,11140139,Pil-dong 3(sam)-ga,필동3가,11140,Jung-gu,중구,11,Seoul,서울특별시,9652,9652,0,0.0,0,0
126,11140140,Namhak-dong,남학동,11140,Jung-gu,중구,11,Seoul,서울특별시,2792,2792,0,0.0,0,0
127,11140141,Juja-dong,주자동,11140,Jung-gu,중구,11,Seoul,서울특별시,0,0,0,0.0,0,0
128,11140142,Yejang-dong,예장동,11140,Jung-gu,중구,11,Seoul,서울특별시,0,0,4,0.0,0,0
129,11140143,Jangchung-dong 1(il)-ga,장충동1가,11140,Jung-gu,중구,11,Seoul,서울특별시,0,0,4,0.0,0,0
130,11140144,Jangchung-dong 2(i)-ga,장충동2가,11140,Jung-gu,중구,11,Seoul,서울특별시,23904,23904,9,2439.16496831166,22,1
131,11140145,Gwanghui-dong 1(il)-ga,광희동1가,11140,Jung-gu,중구,11,Seoul,서울특별시,12776,12776,1,0.0,0,1
132,11140146,Gwanghui-dong 2(i)-ga,광희동2가,11140,Jung-gu,중구,11,Seoul,서울특별시,13027,13027,4,0.0,0,0
133,11140147,Ssangnim-dong,쌍림동,11140,Jung-gu,중구,11,Seoul,서울특별시,30967,30967,3,347.481703743004,9,0
134,11140148,Euljiro 6(yuk)-ga,을지로6가,11140,Jung-gu,중구,11,Seoul,서울특별시,39409,39409,7,0.0,0,0
135,11140149,Euljiro 7(chil)-ga,을지로7가,11140,Jung-gu,중구,11,Seoul,서울특별시,39168,39168,5,0.0,0,2
136,11140150,Euljiro 4(sa)-ga,을지로4가,11140,Jung-gu,중구,11,Seoul,서울특별시,41857,41857,4,0.0,0,1
137,11140151,Euljiro 5(o)-ga,을지로5가,11140,Jung-gu,중구,11,Seoul,서울특별시,17561,17561,3,178.548478810554,3,0
138,11140152,Jugyo-dong,주교동,11140,Jung-gu,중구,11,Seoul,서울특별시,0,0,2,0.0,0,1
139,11140153,Bangsan-dong,방산동,11140,Jung-gu,중구,11,Seoul,서울특별시,0,0,3,203.76279682268,1,0
140,11140154,Ojang-dong,오장동,11140,Jung-gu,중구,11,Seoul,서울특별시,0,0,0,6.2977754664827,1,0
141,11140155,Euljiro 3(sam)-ga,을지로3가,11140,Jung-gu,중구,11,Seoul,서울특별시,21291,21291,3,0.0,0,2
142,11140156,Ipjeong-dong,입정동,11140,Jung-gu,중구,11,Seoul,서울특별시,0,0,1,0.0,0,0
143,11140157,Sallim-dong,산림동,11140,Jung-gu,중구,11,Seoul,서울특별시,0,0,0,0.0,0,0
144,11140158,Chungmuro 3(sam)-ga,충무로3가,11140,Jung-gu,중구,11,Seoul,서울특별시,0,0,0,0.0,0,0
145,11140159,Cho-dong,초동,11140,Jung-gu,중구,11,Seoul,서울특별시,18269,18269,0,0.0,0,0
146,11140160,Inhyeon-dong 1(il)-ga,인현동1가,11140,Jung-gu,중구,11,Seoul,서울특별시,0,0,1,0.0,0,0
147,11140161,Jeo-dong 2(i)-ga,저동2가,11140,Jung-gu,중구,11,Seoul,서울특별시,0,0,0,0.0,0,0
148,11140162,Sindang-dong,신당동,11140,Jung-gu,중구,11,Seoul,서울특별시,116936,116936,43,0.0,0,6
149,11140163,Heungin-dong,흥인동,11140,Jung-gu,중구,11,Seoul,서울특별시,46057,46057,2,0.0,0,1
150,11140164,Muhak-dong,무학동,11140,Jung-gu,중구,11,Seoul,서울특별시,0,0,0,0.0,0,0
151,11140165,Hwanghak-dong,황학동,11140,Jung-gu,중구,11,Seoul,서울특별시,73107,73107,7,0.0,0,0
152,11140166,Seosomun-dong,서소문동,11140,Jung-gu,중구,11,Seoul,서울특별시,54668,54668,3,0.0,0,1
153,11140167,Jeong-dong,정동,11140,Jung-gu,중구,11,Seoul,서울특별시,0,0,4,0.0,0,1
154,11140168,Sunhwa-dong,순화동,11140,Jung-gu,중구,11,Seoul,서울특별시,23350,23350,2,0.0,0,0
155,11140169,Uijuro 1(il)-ga,의주로1가,11140,Jung-gu,중구,11,Seoul,서울특별시,0,0,6,0.0,0,0
156,11140170,Chungjeongno 1(il)-ga,충정로1가,11140,Jung-gu,중구,11,Seoul,서울특별시,13477,13477,1,0.0,0,0
157,11140171,Jungnim-dong,중림동,11140,Jung-gu,중구,11,Seoul,서울특별시,25743,25743,7,0.0,0,0
158,11140172,Uijuro 2(i)-ga,의주로2가,11140,Jung-gu,중구,11,Seoul,서울특별시,1273,1273,0,0.0,0,0
159,11140173,Malli-dong 1(il)-ga,만리동1가,11140,Jung-gu,중구,11,Seoul,서울특별시,4648,4648,2,0.0,0,0
160,11140174,Malli-dong 2(i)-ga,만리동2가,11140,Jung-gu,중구,11,Seoul,서울특별시,9866,9866,2,0.0,0,0
161,11170101,Huam-dong,후암동,11170,Yongsan-gu,용산구,11,Seoul,서울특별시,29739,29739,17,0.0,0,0
162,11170102,yongsan-dong  2(i)-ga,용산동2가,11170,Yongsan-gu,용산구,11,Seoul,서울특별시,19354,19354,23,572.689335657077,6,0
163,11170103,Yongsan-dong 4(sa)-ga,용산동4가,11170,Yongsan-gu,용산구,11,Seoul,서울특별시,3932,3932,3,1549.16046366985,6,1
164,11170104,Garwol-dong,갈월동,11170,Yongsan-gu,용산구,11,Seoul,서울특별시,41387,41387,10,223.904421419468,2,2
165,11170105,Namyeong-dong,남영동,11170,Yongsan-gu,용산구,11,Seoul,서울특별시,20592,20592,3,0.0,0,0
166,11170106,Yongsan-dong 1(il)-ga,용산동1가,11170,Yongsan-gu,용산구,11,Seoul,서울특별시,14896,14896,3,713.362427008936,6,0
167,11170107,Dongja-dong,동자동,11170,Yongsan-gu,용산구,11,Seoul,서울특별시,13801,13801,5,0.0,0,3
168,11170108,Seogye-dong,서계동,11170,Yongsan-gu,용산구,11,Seoul,서울특별시,16019,16019,8,0.0,0,0
169,11170109,Cheongpa-dong 1(il)-ga,청파동1가,11170,Yongsan-gu,용산구,11,Seoul,서울특별시,9554,9554,3,0.0,0,0
170,11170110,Cheongpa-dong 2(i)-ga,청파동2가,11170,Yongsan-gu,용산구,11,Seoul,서울특별시,22417,22417,10,0.0,0,0
171,11170111,Cheongpa-dong 3(sam)-ga,청파동3가,11170,Yongsan-gu,용산구,11,Seoul,서울특별시,20978,20978,3,0.0,0,0
172,11170112,Wonhyoro 1(iI)-ga,원효로1가,11170,Yongsan-gu,용산구,11,Seoul,서울특별시,0,0,8,125.995809797071,1,0
173,11170113,Wonhyoro 2(i)-ga,원효로2가,11170,Yongsan-gu,용산구,11,Seoul,서울특별시,19826,19826,7,0.0,0,0
174,11170114,Sinchang-dong,신창동,11170,Yongsan-gu,용산구,11,Seoul,서울특별시,0,0,4,0.0,0,0
175,11170115,Sancheon-dong,산천동,11170,Yongsan-gu,용산구,11,Seoul,서울특별시,0,0,3,0.0,0,0
176,11170116,Cheongam-dong,청암동,11170,Yongsan-gu,용산구,11,Seoul,서울특별시,12575,12575,4,263.070262883431,5,0
177,11170117,Wonhyoro 3(sam)-ga,원효로3가,11170,Yongsan-gu,용산구,11,Seoul,서울특별시,20288,20288,4,0.0,0,0
178,11170118,Wonhyoro 4(sa)-ga,원효로4가,11170,Yongsan-gu,용산구,11,Seoul,서울특별시,35869,35869,8,619.125673612641,11,0
179,11170119,Hyochang-dong,효창동,11170,Yongsan-gu,용산구,11,Seoul,서울특별시,7862,7862,15,0.0,0,0
180,11170120,Dowon-dong,도원동,11170,Yongsan-gu,용산구,11,Seoul,서울특별시,0,0,6,0.0,0,0
181,11170121,Yongmun-dong,용문동,11170,Yongsan-gu,용산구,11,Seoul,서울특별시,26360,26360,11,0.0,0,2
182,11170122,Munbae-dong,문배동,11170,Yongsan-gu,용산구,11,Seoul,서울특별시,27179,27179,5,439.639050756622,4,0
183,11170123,Singye-dong,신계동,11170,Yongsan-gu,용산구,11,Seoul,서울특별시,0,0,2,0.0,0,0
184,11170124,Hangangno 1(il)-ga,한강로1가,11170,Yongsan-gu,용산구,11,Seoul,서울특별시,59473,59473,6,233.309312458683,4,2
185,11170125,Hangangno 2(i)-ga,한강로2가,11170,Yongsan-gu,용산구,11,Seoul,서울특별시,124787,124787,11,0.0,0,1
186,11170126,Yongsan-dong 3(sam)-ga,용산동3가,11170,Yongsan-gu,용산구,11,Seoul,서울특별시,0,0,1,421.810172372846,3,0
187,11170127,Yongsan-dong 5(o)-ga,용산동5가,11170,Yongsan-gu,용산구,11,Seoul,서울특별시,16643,16643,3,0.0,0,2
188,11170128,Hangangno 3(sam)-ga,한강로3가,11170,Yongsan-gu,용산구,11,Seoul,서울특별시,86462,86462,21,358.240025921314,3,1
189,11170129,Ichon-dong,이촌동,11170,Yongsan-gu,용산구,11,Seoul,서울특별시,116879,116879,32,12292.7253409178,109,0
190,11170130,Itaewon-dong,이태원동,11170,Yongsan-gu,용산구,11,Seoul,서울특별시,28319,28319,36,0.0,0,1
191,11170131,Hannam-dong,한남동,11170,Yongsan-gu,용산구,11,Seoul,서울특별시,63607,63607,39,6016.80651225622,47,2
192,11170132,Dongbinggo-dong,동빙고동,11170,Yongsan-gu,용산구,11,Seoul,서울특별시,7480,7480,5,243.458316365199,5,0
193,11170133,Seobinggo-dong,서빙고동,11170,Yongsan-gu,용산구,11,Seoul,서울특별시,39065,39065,11,4826.99899461605,48,1
194,11170134,Juseong-dong,주성동,11170,Yongsan-gu,용산구,11,Seoul,서울특별시,0,0,0,406.062563694773,5,0
195,11170135,Yongsan-dong 6(yuk)-ga,용산동6가,11170,Yongsan-gu,용산구,11,Seoul,서울특별시,15662,15662,9,2946.77369887162,18,0
196,11170136,Bogwang-dong,보광동,11170,Yongsan-gu,용산구,11,Seoul,서울특별시,10500,10500,12,588.547716832817,10,0
197,11200101,Sangwangsimni-dong,상왕십리동,11200,Seongdong-gu,성동구,11,Seoul,서울특별시,92894,92894,6,509.754805975442,3,0
198,11200102,Hawangsimni-dong,하왕십리동,11200,Seongdong-gu,성동구,11,Seoul,서울특별시,48353,48353,26,300.243147103356,3,1
199,11200103,Hongik-dong,홍익동,11200,Seongdong-gu,성동구,11,Seoul,서울특별시,45514,45514,3,306.274834996687,2,0
200,11200104,Doseon-dong,도선동,11200,Seongdong-gu,성동구,11,Seoul,서울특별시,0,0,5,0.0,0,0
201,11200105,Majang-dong,마장동,11200,Seongdong-gu,성동구,11,Seoul,서울특별시,135053,135053,28,2672.47451193391,23,1
202,11200106,Sageun-dong,사근동,11200,Seongdong-gu,성동구,11,Seoul,서울특별시,38782,38782,25,1416.12290976186,20,1
203,11200107,Haengdang-dong,행당동,11200,Seongdong-gu,성동구,11,Seoul,서울특별시,188259,188259,67,609.92259822631,11,5
204,11200108,Eungbong-dong,응봉동,11200,Seongdong-gu,성동구,11,Seoul,서울특별시,59416,59416,32,1518.3216219978,18,1
205,11200109,Geumho-dong1(il)-ga,금호동1가,11200,Seongdong-gu,성동구,11,Seoul,서울특별시,3065,3065,39,0.0,0,1
206,11200110,Geumho-dong2(i)-ga,금호동2가,11200,Seongdong-gu,성동구,11,Seoul,서울특별시,14418,14418,18,0.0,0,0
207,11200111,Geumho-dong3(sam)-ga,금호동3가,11200,Seongdong-gu,성동구,11,Seoul,서울특별시,4578,4578,20,0.0,0,0
208,11200112,Geumho-dong4(sa)-ga,금호동4가,11200,Seongdong-gu,성동구,11,Seoul,서울특별시,33831,33831,30,1636.010862615,20,1
209,11200113,Oksu-dong,옥수동,11200,Seongdong-gu,성동구,11,Seoul,서울특별시,57501,57501,40,4162.84429223695,21,2
210,11200114,Seongsu-dong1(il)-ga,성수동1가,11200,Seongdong-gu,성동구,11,Seoul,서울특별시,344684,344684,44,10496.1289752626,101,2
211,11200115,Seongsu-dong2(i)-ga,성수동2가,11200,Seongdong-gu,성동구,11,Seoul,서울특별시,425838,425838,51,5707.2489168536,70,1
212,11200118,Songjeong-dong,송정동,11200,Seongdong-gu,성동구,11,Seoul,서울특별시,109019,109019,13,8317.34591095471,93,0
213,11200122,Yongdap-dong,용답동,11200,Seongdong-gu,성동구,11,Seoul,서울특별시,127664,127664,11,6271.64772591329,84,3
214,11215101,Junggok-dong,중곡동,11215,Gwangjin-gu,광진구,11,Seoul,서울특별시,159614,159614,90,15005.1894610377,298,1
215,11215102,Neung-dong,능동,11215,Gwangjin-gu,광진구,11,Seoul,서울특별시,127753,127753,8,3407.80191229404,59,3
216,11215103,Guui-dong,구의동,11215,Gwangjin-gu,광진구,11,Seoul,서울특별시,359871,359871,57,8416.79877365347,117,2
217,11215104,Gwangjang-dong,광장동,11215,Gwangjin-gu,광진구,11,Seoul,서울특별시,98567,98567,38,9463.05989783805,97,1
218,11215105,Jayang-dong,자양동,11215,Gwangjin-gu,광진구,11,Seoul,서울특별시,766547,766547,61,15550.1922516638,236,3
219,11215107,Hwayang-dong,화양동,11215,Gwangjin-gu,광진구,11,Seoul,서울특별시,332628,332628,20,1785.50165828928,14,1
220,11215109,Gunja-dong,군자동,11215,Gwangjin-gu,광진구,11,Seoul,서울특별시,287136,287136,22,1654.47832448209,38,0
221,11230101,Sinseol-dong,신설동,11230,Dongdaemun-gu,동대문구,11,Seoul,서울특별시,75456,75456,9,0.0,0,3
222,11230102,Yongdu-dong,용두동,11230,Dongdaemun-gu,동대문구,11,Seoul,서울특별시,290291,290291,29,970.179157408253,24,2
223,11230103,Jegi-dong,제기동,11230,Dongdaemun-gu,동대문구,11,Seoul,서울특별시,105307,105307,27,0.0,0,1
224,11230104,Jeonnong-dong,전농동,11230,Dongdaemun-gu,동대문구,11,Seoul,서울특별시,172642,172642,44,0.0,0,2
225,11230105,Dapsipni-dong,답십리동,11230,Dongdaemun-gu,동대문구,11,Seoul,서울특별시,219851,219851,46,1736.92308604836,41,0
226,11230106,Jangan-dong,장안동,11230,Dongdaemun-gu,동대문구,11,Seoul,서울특별시,247134,247134,60,4046.71573646292,47,0
227,11230107,Cheongnyangni-dong,청량리동,11230,Dongdaemun-gu,동대문구,11,Seoul,서울특별시,124401,124401,24,1817.80548166876,31,0
228,11230108,Hoegi-dong,회기동,11230,Dongdaemun-gu,동대문구,11,Seoul,서울특별시,16348,16348,8,0.0,0,0
229,11230109,Hwigyeong-dong,휘경동,11230,Dongdaemun-gu,동대문구,11,Seoul,서울특별시,171612,171612,32,1210.60262693336,12,1
230,11230110,Imun-dong,이문동,11230,Dongdaemun-gu,동대문구,11,Seoul,서울특별시,104661,104661,37,1950.88559001139,21,2
231,11260101,Myeonmok-dong,면목동,11260,Jungnang-gu,중랑구,11,Seoul,서울특별시,309703,309703,123,9034.90266560298,121,3
232,11260102,Sangbong-dong,상봉동,11260,Jungnang-gu,중랑구,11,Seoul,서울특별시,291858,291858,31,952.794990948728,30,3
233,11260103,Junghwa-dong,중화동,11260,Jungnang-gu,중랑구,11,Seoul,서울특별시,186441,186441,42,3387.90397001433,50,2
234,11260104,Muk-dong,묵동,11260,Jungnang-gu,중랑구,11,Seoul,서울특별시,179351,179351,53,5047.99905270271,90,1
235,11260105,Mangu-dong,망우동,11260,Jungnang-gu,중랑구,11,Seoul,서울특별시,131129,131129,67,0.0,0,2
236,11260106,Sinnae-dong,신내동,11260,Jungnang-gu,중랑구,11,Seoul,서울특별시,185154,185154,72,5235.78620448356,85,2
237,11290101,Seongbuk-dong,성북동,11290,Seongbuk-gu,성북구,11,Seoul,서울특별시,28746,28746,37,902.415267196282,9,0
238,11290102,Seongbuk-dong 1(il)-ga,성북동1가,11290,Seongbuk-gu,성북구,11,Seoul,서울특별시,10318,10318,5,23.8969727674084,4,0
239,11290103,Donam-dong,돈암동,11290,Seongbuk-gu,성북구,11,Seoul,서울특별시,18086,18086,48,0.0,0,0
240,11290104,Dongsomun-dong 1(il)-ga,동소문동1가,11290,Seongbuk-gu,성북구,11,Seoul,서울특별시,19972,19972,1,104.562614523512,7,0
241,11290105,Dongsomun-dong 2(i)-ga,동소문동2가,11290,Seongbuk-gu,성북구,11,Seoul,서울특별시,23819,23819,3,0.0,0,0
242,11290106,Dongsomun-dong 3(sam)-ga,동소문동3가,11290,Seongbuk-gu,성북구,11,Seoul,서울특별시,8990,8990,2,0.0,0,0
243,11290107,Dongsomun-dong 4(sa)-ga,동소문동4가,11290,Seongbuk-gu,성북구,11,Seoul,서울특별시,10173,10173,3,0.0,0,0
244,11290108,Dongsomun-dong 5(o)-ga,동소문동5가,11290,Seongbuk-gu,성북구,11,Seoul,서울특별시,18383,18383,2,0.0,0,2
245,11290109,Dongsomun-dong 6(yuk)-ga,동소문동6가,11290,Seongbuk-gu,성북구,11,Seoul,서울특별시,20143,20143,2,0.0,0,0
246,11290110,Dongsomun-dong 7(chil)-ga,동소문동7가,11290,Seongbuk-gu,성북구,11,Seoul,서울특별시,0,0,3,0.0,0,0
247,11290111,Samseon-dong 1(il)-ga,삼선동1가,11290,Seongbuk-gu,성북구,11,Seoul,서울특별시,0,0,5,111.360511096985,1,1
248,11290112,Samseon-dong 2(i)-ga,삼선동2가,11290,Seongbuk-gu,성북구,11,Seoul,서울특별시,0,0,13,0.0,0,0
249,11290113,Samseon-dong 3(sam)-ga,삼선동3가,11290,Seongbuk-gu,성북구,11,Seoul,서울특별시,0,0,6,0.0,0,0
250,11290114,Samseon-dong 4(sa)-ga,삼선동4가,11290,Seongbuk-gu,성북구,11,Seoul,서울특별시,18127,18127,3,0.0,0,0
251,11290115,Samseon-dong 5(o)-ga,삼선동5가,11290,Seongbuk-gu,성북구,11,Seoul,서울특별시,13290,13290,5,104.948850113921,1,0
252,11290116,Dongseon-dong 1(il)-ga,동선동1가,11290,Seongbuk-gu,성북구,11,Seoul,서울특별시,6362,6362,3,0.0,0,0
253,11290117,Dongseon-dong 2(i)-ga,동선동2가,11290,Seongbuk-gu,성북구,11,Seoul,서울특별시,24909,24909,6,0.0,0,0
254,11290118,Dongseon-dong 3(sam)-ga,동선동3가,11290,Seongbuk-gu,성북구,11,Seoul,서울특별시,11617,11617,0,0.0,0,0
255,11290119,Dongseon-dong 4(sa)-ga,동선동4가,11290,Seongbuk-gu,성북구,11,Seoul,서울특별시,0,0,1,0.0,0,0
256,11290120,Dongseon-dong 5(o)-ga,동선동5가,11290,Seongbuk-gu,성북구,11,Seoul,서울특별시,0,0,1,0.0,0,0
257,11290121,Anam-dong 1(il)-ga,안암동1가,11290,Seongbuk-gu,성북구,11,Seoul,서울특별시,34973,34973,3,0.0,0,0
258,11290122,Anam-dong 2(i)-ga,안암동2가,11290,Seongbuk-gu,성북구,11,Seoul,서울특별시,19123,19123,7,611.378580311341,17,0
259,11290123,Anam-dong 3(sam)-ga,안암동3가,11290,Seongbuk-gu,성북구,11,Seoul,서울특별시,29440,29440,0,92.602606422306,4,0
260,11290124,Anam-dong 4(sa)-ga,안암동4가,11290,Seongbuk-gu,성북구,11,Seoul,서울특별시,26634,26634,1,0.0,0,0
261,11290125,Anam-dong 5(o)-ga,안암동5가,11290,Seongbuk-gu,성북구,11,Seoul,서울특별시,115158,115158,19,1801.85881949732,27,1
262,11290126,Bomun-dong 4(sa)-ga,보문동4가,11290,Seongbuk-gu,성북구,11,Seoul,서울특별시,0,0,1,0.0,0,0
263,11290127,Bomun-dong 5(o)-ga,보문동5가,11290,Seongbuk-gu,성북구,11,Seoul,서울특별시,0,0,1,0.0,0,0
264,11290128,Bomun-dong 6(yuk)-ga,보문동6가,11290,Seongbuk-gu,성북구,11,Seoul,서울특별시,0,0,0,0.0,0,0
265,11290129,Bomun-dong 7(chil)-ga,보문동7가,11290,Seongbuk-gu,성북구,11,Seoul,서울특별시,0,0,2,0.0,0,0
266,11290130,Bomun-dong 1(il)-ga,보문동1가,11290,Seongbuk-gu,성북구,11,Seoul,서울특별시,18593,18593,4,367.427537958619,5,0
267,11290131,Bomun-dong 2(i)-ga,보문동2가,11290,Seongbuk-gu,성북구,11,Seoul,서울특별시,0,0,1,0.0,0,2
268,11290132,Bomun-dong 3(sam)-ga,보문동3가,11290,Seongbuk-gu,성북구,11,Seoul,서울특별시,2702,2702,0,0.0,0,0
269,11290133,Jeongneung-dong,정릉동,11290,Seongbuk-gu,성북구,11,Seoul,서울특별시,42945,42945,129,0.0,0,2
270,11290134,Gireum-dong,길음동,11290,Seongbuk-gu,성북구,11,Seoul,서울특별시,65844,65844,41,0.0,0,1
271,11290135,Jongam-dong,종암동,11290,Seongbuk-gu,성북구,11,Seoul,서울특별시,124080,124080,60,1800.87489377882,39,0
272,11290136,Hawolgok-dong,하월곡동,11290,Seongbuk-gu,성북구,11,Seoul,서울특별시,132633,132633,48,1163.7655029589,30,1
273,11290137,Sangwolgok-dong,상월곡동,11290,Seongbuk-gu,성북구,11,Seoul,서울특별시,36552,36552,10,337.090235418023,6,1
274,11290138,Jangwi-dong,장위동,11290,Seongbuk-gu,성북구,11,Seoul,서울특별시,97935,97935,97,2451.6323072589,55,1
275,11290139,Seokgwan-dong,석관동,11290,Seongbuk-gu,성북구,11,Seoul,서울특별시,129682,129682,29,2765.26555603111,33,2
276,11305101,Mia-dong,미아동,11305,Gangbuk-gu,강북구,11,Seoul,서울특별시,174943,174943,150,2503.16710977392,55,5
277,11305102,Beon-dong,번동,11305,Gangbuk-gu,강북구,11,Seoul,서울특별시,205935,205935,100,9987.1277990345,131,1
278,11305103,Suyu-dong,수유동,11305,Gangbuk-gu,강북구,11,Seoul,서울특별시,230835,230835,143,3903.57272980167,110,2
279,11305104,Ui-dong,우이동,11305,Gangbuk-gu,강북구,11,Seoul,서울특별시,37229,37229,16,0.0,0,3
280,11320105,Ssangmun-dong,쌍문동,11320,Dobong-gu,도봉구,11,Seoul,서울특별시,151627,151627,92,2792.6708463591,80,0
281,11320106,Banghak-dong,방학동,11320,Dobong-gu,도봉구,11,Seoul,서울특별시,203619,203619,79,5105.31401576629,121,1
282,11320107,Chang-dong,창동,11320,Dobong-gu,도봉구,11,Seoul,서울특별시,468909,468909,115,7301.91398638646,101,4
283,11320108,Dobong-dong,도봉동,11320,Dobong-gu,도봉구,11,Seoul,서울특별시,126415,126415,79,7823.76568689441,101,3
284,11350102,Wolgye-dong,월계동,11350,Nowon-gu,노원구,11,Seoul,서울특별시,387384,387384,108,7752.44246985192,86,2
285,11350103,Gongneung-dong,공릉동,11350,Nowon-gu,노원구,11,Seoul,서울특별시,504952,504952,97,11623.9547500171,133,4
286,11350104,Hagye-dong,하계동,11350,Nowon-gu,노원구,11,Seoul,서울특별시,227140,227140,53,5401.34553548517,79,1
287,11350105,Sanggye-dong,상계동,11350,Nowon-gu,노원구,11,Seoul,서울특별시,945511,945511,187,42262.2640191781,734,6
288,11350106,Junggye-dong,중계동,11350,Nowon-gu,노원구,11,Seoul,서울특별시,617410,617410,74,10442.3704986625,164,1
289,11380101,Susaek-dong,수색동,11380,Eunpyeong-gu,은평구,11,Seoul,서울특별시,209,209,18,124.821491547911,2,3
290,11380102,Nokbeon-dong,녹번동,11380,Eunpyeong-gu,은평구,11,Seoul,서울특별시,84091,84091,27,415.505887374196,8,2
291,11380103,Bulgwang-dong,불광동,11380,Eunpyeong-gu,은평구,11,Seoul,서울특별시,133550,133550,64,0.0,0,2
292,11380104,Galhyeon-dong,갈현동,11380,Eunpyeong-gu,은평구,11,Seoul,서울특별시,37084,37084,62,859.94583673217,11,1
293,11380105,Gusan-dong,구산동,11380,Eunpyeong-gu,은평구,11,Seoul,서울특별시,51257,51257,34,471.488148243743,12,0
294,11380106,Daejo-dong,대조동,11380,Eunpyeong-gu,은평구,11,Seoul,서울특별시,45821,45821,24,857.078864955488,10,3
295,11380107,Eungam-dong,응암동,11380,Eunpyeong-gu,은평구,11,Seoul,서울특별시,317219,317219,83,3404.80237769171,58,0
296,11380108,Yeokchon-dong,역촌동,11380,Eunpyeong-gu,은평구,11,Seoul,서울특별시,154436,154436,50,3224.27475205943,65,0
297,11380109,Sinsa-dong,신사동,11380,Eunpyeong-gu,은평구,11,Seoul,서울특별시,74184,74184,55,62.4479101003938,5,2
298,11380110,Jeungsan-dong,증산동,11380,Eunpyeong-gu,은평구,11,Seoul,서울특별시,54425,54425,11,263.872653893047,6,1
299,11380114,Jingwan-dong,진관동,11380,Eunpyeong-gu,은평구,11,Seoul,서울특별시,175253,175253,71,3513.06244105508,4,1
300,11410101,Chungjeongno 2(i)-ga,충정로2가,11410,Seodaemun-gu,서대문구,11,Seoul,서울특별시,17115,17115,12,0.0,0,1
301,11410102,Chungjeongno 3(sam)-ga,충정로3가,11410,Seodaemun-gu,서대문구,11,Seoul,서울특별시,23198,23198,17,0.0,0,2
302,11410103,Hap-dong,합동,11410,Seodaemun-gu,서대문구,11,Seoul,서울특별시,8962,8962,0,0.0,0,0
303,11410104,Migeun-dong,미근동,11410,Seodaemun-gu,서대문구,11,Seoul,서울특별시,17706,17706,3,0.0,0,0
304,11410105,Naengcheon-dong,냉천동,11410,Seodaemun-gu,서대문구,11,Seoul,서울특별시,0,0,7,0.0,0,0
305,11410106,Cheonyeon-dong,천연동,11410,Seodaemun-gu,서대문구,11,Seoul,서울특별시,0,0,7,0.0,0,0
306,11410107,Okcheon-dong,옥천동,11410,Seodaemun-gu,서대문구,11,Seoul,서울특별시,0,0,1,0.0,0,0
307,11410108,Yeongcheon-dong,영천동,11410,Seodaemun-gu,서대문구,11,Seoul,서울특별시,0,0,8,0.0,0,0
308,11410109,Hyeonjeo-dong,현저동,11410,Seodaemun-gu,서대문구,11,Seoul,서울특별시,8418,8418,14,0.0,0,1
309,11410110,Bugahyeon-dong,북아현동,11410,Seodaemun-gu,서대문구,11,Seoul,서울특별시,30544,30544,27,0.0,0,0
310,11410111,Hongje-dong,홍제동,11410,Seodaemun-gu,서대문구,11,Seoul,서울특별시,57209,57209,74,1398.05300755005,17,2
311,11410112,Daehyeon-dong,대현동,11410,Seodaemun-gu,서대문구,11,Seoul,서울특별시,10908,10908,9,0.0,0,0
312,11410113,Daesin-dong,대신동,11410,Seodaemun-gu,서대문구,11,Seoul,서울특별시,13003,13003,11,0.0,0,0
313,11410114,Sinchon-dong,신촌동,11410,Seodaemun-gu,서대문구,11,Seoul,서울특별시,9589,9589,3,0.0,0,1
314,11410115,Bongwon-dong,봉원동,11410,Seodaemun-gu,서대문구,11,Seoul,서울특별시,0,0,2,0.0,0,0
315,11410116,Changcheon-dong,창천동,11410,Seodaemun-gu,서대문구,11,Seoul,서울특별시,77494,77494,21,0.0,0,1
316,11410117,Yeonhui-dong,연희동,11410,Seodaemun-gu,서대문구,11,Seoul,서울특별시,122275,122275,59,3590.57237356167,60,0
317,11410118,Hongeun-dong,홍은동,11410,Seodaemun-gu,서대문구,11,Seoul,서울특별시,137406,137406,101,2993.80012936748,54,0
318,11410119,Bukgajwa-dong,북가좌동,11410,Seodaemun-gu,서대문구,11,Seoul,서울특별시,188115,188115,48,3566.96699471928,51,0
319,11410120,Namgajwa-dong,남가좌동,11410,Seodaemun-gu,서대문구,11,Seoul,서울특별시,163423,163423,40,1236.01534039026,31,1
320,11440101,Ahyeon-dong,아현동,11440,Mapo-gu,마포구,11,Seoul,서울특별시,41424,41424,21,0.0,0,2
321,11440102,Gongdeok-dong,공덕동,11440,Mapo-gu,마포구,11,Seoul,서울특별시,116986,116986,22,0.0,0,2
322,11440103,Singongdeok-dong,신공덕동,11440,Mapo-gu,마포구,11,Seoul,서울특별시,1059,1059,9,0.0,0,0
323,11440104,Dohwa-dong,도화동,11440,Mapo-gu,마포구,11,Seoul,서울특별시,86797,86797,37,0.0,0,4
324,11440105,Yonggang-dong,용강동,11440,Mapo-gu,마포구,11,Seoul,서울특별시,45228,45228,8,237.972020810245,5,0
325,11440106,Tojeong-dong,토정동,11440,Mapo-gu,마포구,11,Seoul,서울특별시,0,0,2,444.056292028515,6,0
326,11440107,Mapo-dong,마포동,11440,Mapo-gu,마포구,11,Seoul,서울특별시,0,0,2,1347.42513280722,12,0
327,11440108,Daeheung-dong,대흥동,11440,Mapo-gu,마포구,11,Seoul,서울특별시,50409,50409,23,0.0,0,2
328,11440109,Yeomni-dong,염리동,11440,Mapo-gu,마포구,11,Seoul,서울특별시,28657,28657,14,0.0,0,0
329,11440110,Nogosan-dong,노고산동,11440,Mapo-gu,마포구,11,Seoul,서울특별시,63901,63901,15,0.0,0,1
330,11440111,Sinsu-dong,신수동,11440,Mapo-gu,마포구,11,Seoul,서울특별시,41308,41308,22,0.0,0,0
331,11440112,Hyeonseok-dong,현석동,11440,Mapo-gu,마포구,11,Seoul,서울특별시,11709,11709,1,630.543947463436,10,0
332,11440113,Gusu-dong,구수동,11440,Mapo-gu,마포구,11,Seoul,서울특별시,0,0,5,0.0,0,0
333,11440114,Changjeon-dong,창전동,11440,Mapo-gu,마포구,11,Seoul,서울특별시,60501,60501,38,112.730123104733,6,1
334,11440115,Sangsu-dong,상수동,11440,Mapo-gu,마포구,11,Seoul,서울특별시,36288,36288,18,552.573989140523,6,1
335,11440116,Hajung-dong,하중동,11440,Mapo-gu,마포구,11,Seoul,서울특별시,0,0,3,474.145375264085,7,0
336,11440117,Sinjeong-dong,신정동,11440,Mapo-gu,마포구,11,Seoul,서울특별시,0,0,2,1001.26532560857,9,0
337,11440118,Dangin-dong,당인동,11440,Mapo-gu,마포구,11,Seoul,서울특별시,17338,17338,1,1000.02446162011,6,0
338,11440120,Seogyo-dong,서교동,11440,Mapo-gu,마포구,11,Seoul,서울특별시,155183,155183,55,775.029797902244,23,1
339,11440121,Donggyo-dong,동교동,11440,Mapo-gu,마포구,11,Seoul,서울특별시,178258,178258,16,6.06277061697631,1,4
340,11440122,Hapjeong-dong,합정동,11440,Mapo-gu,마포구,11,Seoul,서울특별시,118903,118903,30,4052.45547501453,40,2
341,11440123,Mangwon-dong,망원동,11440,Mapo-gu,마포구,11,Seoul,서울특별시,220192,220192,54,4814.3978125895,63,0
342,11440124,Yeonnam-dong,연남동,11440,Mapo-gu,마포구,11,Seoul,서울특별시,108665,108665,20,1344.09920022477,15,0
343,11440125,Seongsan-dong,성산동,11440,Mapo-gu,마포구,11,Seoul,서울특별시,344525,344525,62,14394.7311348628,184,2
344,11440126,Jung-dong,중동,11440,Mapo-gu,마포구,11,Seoul,서울특별시,18996,18996,8,224.324255588124,3,0
345,11440127,Sangam-dong,상암동,11440,Mapo-gu,마포구,11,Seoul,서울특별시,444164,444164,96,26762.2874373894,197,2
346,11470101,Sinjeong-dong,신정동,11470,Yangcheon-gu,양천구,11,Seoul,서울특별시,1093634,1093634,166,21143.4969409716,276,3
347,11470102,Mok-dong,목동,11470,Yangcheon-gu,양천구,11,Seoul,서울특별시,1213399,1213399,89,22750.2427015666,264,5
348,11470103,Sinwol-dong,신월동,11470,Yangcheon-gu,양천구,11,Seoul,서울특별시,301301,301301,83,1624.75050217636,25,0
349,11500101,Yeomchang-dong,염창동,11500,Gangseo-gu,강서구,11,Seoul,서울특별시,189481,189481,36,7010.34520972873,91,0
350,11500102,Deungchon-dong,등촌동,11500,Gangseo-gu,강서구,11,Seoul,서울특별시,662559,662559,74,13951.6022212028,207,2
351,11500103,Hwagok-dong,화곡동,11500,Gangseo-gu,강서구,11,Seoul,서울특별시,563222,563222,189,5905.88906202584,108,2
352,11500104,Gayang-dong,가양동,11500,Gangseo-gu,강서구,11,Seoul,서울특별시,362298,362298,44,16018.8565160471,126,1
353,11500105,Magok-dong,마곡동,11500,Gangseo-gu,강서구,11,Seoul,서울특별시,2441424,2441424,78,4375.92242552799,15,3
354,11500106,Naebalsan-dong,내발산동,11500,Gangseo-gu,강서구,11,Seoul,서울특별시,413987,413987,46,1706.74881793699,33,2
355,11500107,Oebalsan-dong,외발산동,11500,Gangseo-gu,강서구,11,Seoul,서울특별시,33307,33307,23,0.0,0,0
356,11500108,Gonghang-dong,공항동,11500,Gangseo-gu,강서구,11,Seoul,서울특별시,189425,189425,38,817.685172770867,12,2
357,11500109,Banghwa-dong,방화동,11500,Gangseo-gu,강서구,11,Seoul,서울특별시,332154,332154,76,7429.57981062026,66,8
358,11500110,Gaehwa-dong,개화동,11500,Gangseo-gu,강서구,11,Seoul,서울특별시,9356,9356,10,2655.28309580374,24,1
359,11500111,Gwahae-dong,과해동,11500,Gangseo-gu,강서구,11,Seoul,서울특별시,0,0,3,0.0,0,0
360,11500112,Ogok-dong,오곡동,11500,Gangseo-gu,강서구,11,Seoul,서울특별시,0,0,0,0.0,0,0
361,11500113,Osoe-dong,오쇠동,11500,Gangseo-gu,강서구,11,Seoul,서울특별시,0,0,2,0.0,0,0
362,11530101,Sindorim-dong,신도림동,11530,Guro-gu,구로구,11,Seoul,서울특별시,253018,253018,41,6729.86040175951,82,3
363,11530102,Guro-dong,구로동,11530,Guro-gu,구로구,11,Seoul,서울특별시,923064,923064,157,11760.0110113674,177,5
364,11530103,Garibong-dong,가리봉동,11530,Guro-gu,구로구,11,Seoul,서울특별시,14338,14338,9,0.0,0,0
365,11530106,Gocheok-dong,고척동,11530,Guro-gu,구로구,11,Seoul,서울특별시,191371,191371,67,3413.85172992626,59,0
366,11530107,Gaebong-dong,개봉동,11530,Guro-gu,구로구,11,Seoul,서울특별시,176089,176089,93,2830.5973898185,58,1
367,11530108,Oryu-dong,오류동,11530,Guro-gu,구로구,11,Seoul,서울특별시,86912,86912,45,2826.37222379601,18,1
368,11530109,Gung-dong,궁동,11530,Guro-gu,구로구,11,Seoul,서울특별시,10044,10044,25,4134.03984835045,41,0
369,11530110,Onsu-dong,온수동,11530,Guro-gu,구로구,11,Seoul,서울특별시,14980,14980,16,284.610323383208,6,2
370,11530111,Cheonwang-dong,천왕동,11530,Guro-gu,구로구,11,Seoul,서울특별시,116177,116177,28,1126.95990280513,21,1
371,11530112,Hang-dong,항동,11530,Guro-gu,구로구,11,Seoul,서울특별시,42028,42028,31,0.0,0,0
372,11545101,Gasan-dong,가산동,11545,Geumcheon-gu,금천구,11,Seoul,서울특별시,379635,379635,104,4799.1128623755,48,3
373,11545102,Doksan-dong,독산동,11545,Geumcheon-gu,금천구,11,Seoul,서울특별시,312442,312442,113,6957.22996724555,78,0
374,11545103,Siheung-dong,시흥동,11545,Geumcheon-gu,금천구,11,Seoul,서울특별시,98940,98940,137,3636.45508499731,32,1
375,11560101,Yeongdeungpo-dong,영등포동,11560,Yeongdeungpo-gu,영등포구,11,Seoul,서울특별시,174377,174377,13,0.0,0,1
376,11560102,Yeongdeungpo-dong 1(il)-ga,영등포동1가,11560,Yeongdeungpo-gu,영등포구,11,Seoul,서울특별시,70403,70403,1,0.0,0,1
377,11560103,Yeongdeungpo-dong 2(i)-ga,영등포동2가,11560,Yeongdeungpo-gu,영등포구,11,Seoul,서울특별시,36009,36009,5,0.0,0,0
378,11560104,Yeongdeungpo-dong 3(sam)-ga,영등포동3가,11560,Yeongdeungpo-gu,영등포구,11,Seoul,서울특별시,9093,9093,7,0.0,0,0
379,11560105,Yeongdeungpo-dong 4(sa)-ga,영등포동4가,11560,Yeongdeungpo-gu,영등포구,11,Seoul,서울특별시,114182,114182,8,0.0,0,0
380,11560106,Yeongdeungpo-dong 5(o)-ga,영등포동5가,11560,Yeongdeungpo-gu,영등포구,11,Seoul,서울특별시,0,0,3,0.0,0,1
381,11560107,Yeongdeungpo-dong 6(yuk)-ga,영등포동6가,11560,Yeongdeungpo-gu,영등포구,11,Seoul,서울특별시,0,0,4,0.0,0,0
382,11560108,Yeongdeungpo-dong 7(chil)-ga,영등포동7가,11560,Yeongdeungpo-gu,영등포구,11,Seoul,서울특별시,109375,109375,11,0.0,0,0
383,11560109,Yeongdeungpo-dong 8(pal)-ga,영등포동8가,11560,Yeongdeungpo-gu,영등포구,11,Seoul,서울특별시,82097,82097,9,0.0,0,0
384,11560110,Yeouido-dong,여의도동,11560,Yeongdeungpo-gu,영등포구,11,Seoul,서울특별시,939735,939735,63,27975.7535614703,325,6
385,11560111,Dangsan-dong 1(il)-ga,당산동1가,11560,Yeongdeungpo-gu,영등포구,11,Seoul,서울특별시,22040,22040,5,576.10847538759,15,0
386,11560112,Dangsan-dong 2(i)-ga,당산동2가,11560,Yeongdeungpo-gu,영등포구,11,Seoul,서울특별시,44769,44769,8,365.892527174135,11,1
387,11560113,Dangsan-dong 3(sam)-ga,당산동3가,11560,Yeongdeungpo-gu,영등포구,11,Seoul,서울특별시,130644,130644,8,0.0,0,1
388,11560114,Dangsan-dong 4(sa)-ga,당산동4가,11560,Yeongdeungpo-gu,영등포구,11,Seoul,서울특별시,211054,211054,6,412.987346306136,11,0
389,11560115,Dangsan-dong 5(o)-ga,당산동5가,11560,Yeongdeungpo-gu,영등포구,11,Seoul,서울특별시,145681,145681,17,624.165076516945,8,1
390,11560116,Dangsan-dong 6(yuk)-ga,당산동6가,11560,Yeongdeungpo-gu,영등포구,11,Seoul,서울특별시,71843,71843,5,0.0,0,1
391,11560117,Dangsan-dong,당산동,11560,Yeongdeungpo-gu,영등포구,11,Seoul,서울특별시,62509,62509,16,2670.95408723296,17,0
392,11560118,Dorim-dong,도림동,11560,Yeongdeungpo-gu,영등포구,11,Seoul,서울특별시,88718,88718,23,43.577003141092,2,0
393,11560119,Mullae-dong 1(il)-ga,문래동1가,11560,Yeongdeungpo-gu,영등포구,11,Seoul,서울특별시,0,0,3,208.444522783564,2,0
394,11560120,Mullae-dong 2(i)-ga,문래동2가,11560,Yeongdeungpo-gu,영등포구,11,Seoul,서울특별시,0,0,3,317.493207316681,5,0
395,11560121,Mullae-dong 3(sam)-ga,문래동3가,11560,Yeongdeungpo-gu,영등포구,11,Seoul,서울특별시,151867,151867,20,3142.37047683152,53,1
396,11560122,Mullae-dong 4(sa)-ga,문래동4가,11560,Yeongdeungpo-gu,영등포구,11,Seoul,서울특별시,37932,37932,2,348.998544924083,5,0
397,11560123,Mullae-dong 5(o)-ga,문래동5가,11560,Yeongdeungpo-gu,영등포구,11,Seoul,서울특별시,47642,47642,6,2069.83901081623,32,0
398,11560124,Mullae-dong 6(yuk)-ga,문래동6가,11560,Yeongdeungpo-gu,영등포구,11,Seoul,서울특별시,135527,135527,8,2305.18478702356,58,0
399,11560125,Yangpyeong-dong 1(il)-ga,양평동1가,11560,Yeongdeungpo-gu,영등포구,11,Seoul,서울특별시,85696,85696,10,721.148884138647,25,0
400,11560126,Yangpyeong-dong 2(i)-ga,양평동2가,11560,Yeongdeungpo-gu,영등포구,11,Seoul,서울특별시,35132,35132,6,939.788400340123,33,1
401,11560127,Yangpyeong-dong 3(sam)-ga,양평동3가,11560,Yeongdeungpo-gu,영등포구,11,Seoul,서울특별시,164620,164620,13,532.798600317877,18,0
402,11560128,Yangpyeong-dong 4(sa)-ga,양평동4가,11560,Yeongdeungpo-gu,영등포구,11,Seoul,서울특별시,99106,99106,8,986.531884244546,15,0
403,11560129,Yangpyeong-dong 5(o)-ga,양평동5가,11560,Yeongdeungpo-gu,영등포구,11,Seoul,서울특별시,57182,57182,6,670.550252660452,16,1
404,11560130,Yangpyeong-dong 6(yuk)-ga,양평동6가,11560,Yeongdeungpo-gu,영등포구,11,Seoul,서울특별시,27811,27811,4,133.633394414455,3,0
405,11560131,Yanghwa-dong,양화동,11560,Yeongdeungpo-gu,영등포구,11,Seoul,서울특별시,0,0,7,6145.88365178566,60,0
406,11560132,Singil-dong,신길동,11560,Yeongdeungpo-gu,영등포구,11,Seoul,서울특별시,379259,379259,142,2075.87838794704,59,6
407,11560133,Daerim-dong,대림동,11560,Yeongdeungpo-gu,영등포구,11,Seoul,서울특별시,129939,129939,64,5757.85313683441,82,1
408,11560134,Yangpyeong-dong,양평동,11560,Yeongdeungpo-gu,영등포구,11,Seoul,서울특별시,0,0,0,4184.11604405876,53,0
409,11590101,Noryangjin-dong,노량진동,11590,Dongjak-gu,동작구,11,Seoul,서울특별시,148516,148516,38,1706.88175497127,22,2
410,11590102,Sangdo-dong,상도동,11590,Dongjak-gu,동작구,11,Seoul,서울특별시,54231,54231,131,1613.80406954631,39,2
411,11590103,Sangdo 1(il)-dong,상도1동,11590,Dongjak-gu,동작구,11,Seoul,서울특별시,14188,14188,16,601.029816400781,18,1
412,11590104,Bon-dong,본동,11590,Dongjak-gu,동작구,11,Seoul,서울특별시,57680,57680,26,1717.08862021117,17,1
413,11590105,Heukseok-dong,흑석동,11590,Dongjak-gu,동작구,11,Seoul,서울특별시,65065,65065,47,1630.63158020057,14,1
414,11590106,Dongjak-dong,동작동,11590,Dongjak-gu,동작구,11,Seoul,서울특별시,22679,22679,15,2538.59232352887,35,2
415,11590107,Sadang-dong,사당동,11590,Dongjak-gu,동작구,11,Seoul,서울특별시,166182,166182,82,2612.43264610939,50,5
416,11590108,Daebang-dong,대방동,11590,Dongjak-gu,동작구,11,Seoul,서울특별시,134927,134927,53,1572.97314665421,34,2
417,11590109,Sindaebang-dong,신대방동,11590,Dongjak-gu,동작구,11,Seoul,서울특별시,260435,260435,42,4017.08667109938,61,2
418,11620101,Bongcheon-dong,봉천동,11620,Gwanak-gu,관악구,11,Seoul,서울특별시,415343,415343,209,12159.8267628271,223,4
419,11620102,Sillim-dong,신림동,11620,Gwanak-gu,관악구,11,Seoul,서울특별시,640963,640963,272,8741.35525948154,126,6
420,11620103,Namhyeon-dong,남현동,11620,Gwanak-gu,관악구,11,Seoul,서울특별시,30676,30676,9,3049.77208756511,24,0
421,11650101,Bangbae-dong,방배동,11650,Seocho-gu,서초구,11,Seoul,서울특별시,263622,263622,156,7572.94462410631,116,3
422,11650102,Yangjae-dong,양재동,11650,Seocho-gu,서초구,11,Seoul,서울특별시,246859,246859,74,12038.3633089769,179,2
423,11650103,Umyeon-dong,우면동,11650,Seocho-gu,서초구,11,Seoul,서울특별시,63931,63931,39,2924.71441748008,41,0
424,11650104,Wonji-dong,원지동,11650,Seocho-gu,서초구,11,Seoul,서울특별시,5367,5367,7,77.441386930308,2,0
425,11650106,Jamwon-dong,잠원동,11650,Seocho-gu,서초구,11,Seoul,서울특별시,241355,241355,39,5212.6466115121,49,1
426,11650107,Banpo-dong,반포동,11650,Seocho-gu,서초구,11,Seoul,서울특별시,183338,183338,74,10641.3744043786,83,7
427,11650108,Seocho-dong,서초동,11650,Seocho-gu,서초구,11,Seoul,서울특별시,240539,240539,192,3203.51500457457,38,6
428,11650109,Naegok-dong,내곡동,11650,Seocho-gu,서초구,11,Seoul,서울특별시,22006,22006,29,0.0,0,0
429,11650110,Yeomgok-dong,염곡동,11650,Seocho-gu,서초구,11,Seoul,서울특별시,14250,14250,12,681.483263322487,5,0
430,11650111,Sinwon-dong,신원동,11650,Seocho-gu,서초구,11,Seoul,서울특별시,35391,35391,23,2039.66086490536,6,1
431,11680101,Yeoksam-dong,역삼동,11680,Gangnam-gu,강남구,11,Seoul,서울특별시,206598,206598,72,3864.71002091717,68,7
432,11680103,Gaepo-dong,개포동,11680,Gangnam-gu,강남구,11,Seoul,서울특별시,182411,182411,77,14027.5606449274,154,3
433,11680104,Cheongdam-dong,청담동,11680,Gangnam-gu,강남구,11,Seoul,서울특별시,44432,44432,26,6030.17308708868,72,0
434,11680105,Samseong-dong,삼성동,11680,Gangnam-gu,강남구,11,Seoul,서울특별시,141543,141543,51,5345.2226190194,54,4
435,11680106,Daechi-dong,대치동,11680,Gangnam-gu,강남구,11,Seoul,서울특별시,204988,204988,66,16348.7125041932,168,4
436,11680107,Sinsa-dong,신사동,11680,Gangnam-gu,강남구,11,Seoul,서울특별시,83749,83749,23,3513.09503293124,49,2
437,11680108,Nonhyeon-dong,논현동,11680,Gangnam-gu,강남구,11,Seoul,서울특별시,85208,85208,44,5513.27753319713,90,8
438,11680110,Apgujeong-dong,압구정동,11680,Gangnam-gu,강남구,11,Seoul,서울특별시,64711,64711,14,10041.215139143,89,0
439,11680111,Segok-dong,세곡동,11680,Gangnam-gu,강남구,11,Seoul,서울특별시,23292,23292,35,597.351549194081,5,0
440,11680112,Jagok-dong,자곡동,11680,Gangnam-gu,강남구,11,Seoul,서울특별시,74261,74261,20,3097.87628473389,14,0
441,11680113,Yulhyeon-dong,율현동,11680,Gangnam-gu,강남구,11,Seoul,서울특별시,21855,21855,11,1730.01714777593,11,0
442,11680114,Irwon-dong,일원동,11680,Gangnam-gu,강남구,11,Seoul,서울특별시,91436,91436,41,11448.6064490743,112,2
443,11680115,Suseo-dong,수서동,11680,Gangnam-gu,강남구,11,Seoul,서울특별시,72429,72429,28,9867.76687779918,95,2
444,11680118,Dogok-dong,도곡동,11680,Gangnam-gu,강남구,11,Seoul,서울특별시,119536,119536,41,7149.37664628939,83,3
445,11710101,Jamsil-dong,잠실동,11710,Songpa-gu,송파구,11,Seoul,서울특별시,650531,650531,50,29144.4640009067,271,4
446,11710102,Sincheon-dong,신천동,11710,Songpa-gu,송파구,11,Seoul,서울특별시,535876,535876,24,22109.3766639587,203,4
447,11710103,Pungnap-dong,풍납동,11710,Songpa-gu,송파구,11,Seoul,서울특별시,289485,289485,31,11832.6997758975,164,1
448,11710104,Songpa-dong,송파동,11710,Songpa-gu,송파구,11,Seoul,서울특별시,220339,220339,26,6396.54653202923,78,0
449,11710105,Seokchon-dong,석촌동,11710,Songpa-gu,송파구,11,Seoul,서울특별시,168266,168266,19,3676.45076070113,42,3
450,11710106,Samjeon-dong,삼전동,11710,Songpa-gu,송파구,11,Seoul,서울특별시,110923,110923,14,4633.3127723591,50,0
451,11710107,Garak-dong,가락동,11710,Songpa-gu,송파구,11,Seoul,서울특별시,328596,328596,60,14054.0120056922,170,6
452,11710108,Munjeong-dong,문정동,11710,Songpa-gu,송파구,11,Seoul,서울특별시,411134,411134,64,11520.3847206167,142,1
453,11710109,Jangji-dong,장지동,11710,Songpa-gu,송파구,11,Seoul,서울특별시,193045,193045,59,7581.09218803402,76,3
454,11710111,Bangi-dong,방이동,11710,Songpa-gu,송파구,11,Seoul,서울특별시,651118,651118,49,20698.6382800225,235,5
455,11710112,Ogeum-dong,오금동,11710,Songpa-gu,송파구,11,Seoul,서울특별시,167483,167483,38,8108.14986320033,122,1
456,11710113,Geoyeo-dong,거여동,11710,Songpa-gu,송파구,11,Seoul,서울특별시,196962,196962,44,3058.85132653735,63,1
457,11710114,Macheon-dong,마천동,11710,Songpa-gu,송파구,11,Seoul,서울특별시,53372,53372,26,1296.86367242247,27,1
458,11740101,Myeongil-dong,명일동,11740,Gangdong-gu,강동구,11,Seoul,서울특별시,137136,137136,36,10926.4433965753,183,2
459,11740102,Godeok-dong,고덕동,11740,Gangdong-gu,강동구,11,Seoul,서울특별시,94967,94967,41,10330.3453603211,145,0
460,11740103,Sangil-dong,상일동,11740,Gangdong-gu,강동구,11,Seoul,서울특별시,154543,154543,58,9574.1173630528,96,1
461,11740105,Gil-dong,길동,11740,Gangdong-gu,강동구,11,Seoul,서울특별시,172916,172916,37,6443.27380115364,146,1
462,11740106,Dunchon-dong,둔촌동,11740,Gangdong-gu,강동구,11,Seoul,서울특별시,147694,147694,38,4346.00493737798,70,3
463,11740107,Amsa-dong,암사동,11740,Gangdong-gu,강동구,11,Seoul,서울특별시,143671,143671,31,12519.6843425384,176,1
464,11740108,Seongnae-dong,성내동,11740,Gangdong-gu,강동구,11,Seoul,서울특별시,618018,618018,58,9863.52185863341,260,3
465,11740109,Cheonho-dong,천호동,11740,Gangdong-gu,강동구,11,Seoul,서울특별시,359920,359920,53,10721.0354113282,215,1
466,11740110,Gangil-dong,강일동,11740,Gangdong-gu,강동구,11,Seoul,서울특별시,93951,93951,51,2162.11188677782,19,2
